First Object;Second Object;similaridade
restaurant.[13];restaurant.[14];0.9722222288449606
restaurant.[35];restaurant.[36];0.9625603953997294
restaurant.[57];restaurant.[58];0.8963414629300436
restaurant.[71];restaurant.[72];0.9722222288449606
restaurant.[93];restaurant.[94];0.9722222288449606
restaurant.[100];restaurant.[99];0.8738387227058411
restaurant.[39];restaurant.[40];0.9722222288449606
restaurant.[103];restaurant.[104];0.9166666666666666
restaurant.[3];restaurant.[4];0.9228395223617554
restaurant.[147];restaurant.[148];0.932539681593577
restaurant.[161];restaurant.[162];0.9722222288449606
restaurant.[213];restaurant.[214];0.9722222288449606
restaurant.[119];restaurant.[120];0.9722222288449606
restaurant.[25];restaurant.[26];0.9146090745925903
restaurant.[47];restaurant.[48];0.9722222288449606
restaurant.[61];restaurant.[62];0.9112903277079264
restaurant.[83];restaurant.[84];0.9722222288449606
restaurant.[29];restaurant.[30];0.9722222288449606
restaurant.[115];restaurant.[116];0.9663742780685425
restaurant.[137];restaurant.[138];0.9094203114509583
restaurant.[151];restaurant.[152];0.9121621449788412
restaurant.[173];restaurant.[174];0.9722222288449606
restaurant.[195];restaurant.[196];0.9537037213643392
restaurant.[627];restaurant.[628];0.6867413520812988
restaurant.[203];restaurant.[204];0.9303751786549886
restaurant.[15];restaurant.[16];0.8650983572006226
restaurant.[37];restaurant.[38];0.9722222288449606
restaurant.[51];restaurant.[52];0.9487179517745972
restaurant.[73];restaurant.[74];0.8935185074806213
restaurant.[95];restaurant.[96];0.8678571383158366
restaurant.[149];restaurant.[150];0.8985551595687866
restaurant.[19];restaurant.[20];0.9228395223617554
restaurant.[101];restaurant.[102];0.9722222288449606
restaurant.[123];restaurant.[124];0.8922222256660461
restaurant.[145];restaurant.[146];0.9326690832773844
restaurant.[167];restaurant.[168];0.9135802586873373
restaurant.[180];restaurant.[182];0.9260582129160563
restaurant.[181];restaurant.[182];0.9099807739257812
restaurant.[179];restaurant.[182];0.8452726006507874
restaurant.[180];restaurant.[181];0.8559163212776184
restaurant.[179];restaurant.[180];0.9020146528879801
restaurant.[179];restaurant.[181];0.9167989293734232
restaurant.[27];restaurant.[28];0.811858077843984
restaurant.[41];restaurant.[42];0.7364448706309
restaurant.[63];restaurant.[64];0.9722222288449606
restaurant.[85];restaurant.[86];0.8129629691441854
restaurant.[139];restaurant.[140];0.8349673549334208
restaurant.[113];restaurant.[114];0.9032567143440247
restaurant.[135];restaurant.[136];0.967391312122345
restaurant.[89];restaurant.[90];0.9722222288449606
restaurant.[157];restaurant.[158];0.9533405900001526
restaurant.[171];restaurant.[172];0.9031014442443848
restaurant.[193];restaurant.[194];0.9722222288449606
restaurant.[201];restaurant.[202];0.9722222288449606
restaurant.[223];restaurant.[224];0.9722222288449606
restaurant.[17];restaurant.[18];0.9722222288449606
restaurant.[53];restaurant.[54];0.9722222288449606
restaurant.[75];restaurant.[76];0.9722222288449606
restaurant.[97];restaurant.[98];0.9063785870869955
restaurant.[169];restaurant.[170];0.9722222288449606
restaurant.[107];restaurant.[108];0.9722222288449606
restaurant.[7];restaurant.[8];0.9722222288449606
restaurant.[121];restaurant.[122];0.8185388445854187
restaurant.[143];restaurant.[144];0.8833333253860474
restaurant.[165];restaurant.[166];0.9375213781992594
restaurant.[79];restaurant.[80];0.9722222288449606
restaurant.[187];restaurant.[188];0.9722222288449606
restaurant.[312];restaurant.[319];0.712440550327301
restaurant.[217];restaurant.[218];0.9522058765093485
restaurant.[160];restaurant.[505];0.6574514905611674
restaurant.[159];restaurant.[160];0.9140211741129557
restaurant.[159];restaurant.[505];0.6262345711390177
restaurant.[43];restaurant.[44];0.9722222288449606
restaurant.[65];restaurant.[66];0.9722222288449606
restaurant.[87];restaurant.[88];0.9038461645444235
restaurant.[10];restaurant.[9];0.9722222288449606
restaurant.[311];restaurant.[333];0.6845117807388306
restaurant.[111];restaurant.[112];0.9722222288449606
restaurant.[133];restaurant.[134];0.889894425868988
restaurant.[155];restaurant.[156];0.8961988290150961
restaurant.[69];restaurant.[70];0.9190821250279745
restaurant.[177];restaurant.[178];0.93727046251297
restaurant.[191];restaurant.[192];0.9722222288449606
restaurant.[207];restaurant.[208];0.9722222288449606
restaurant.[221];restaurant.[222];0.9022792180379232
restaurant.[109];restaurant.[110];0.9111111164093018
restaurant.[11];restaurant.[12];0.9722222288449606
restaurant.[33];restaurant.[34];0.9722222288449606
restaurant.[55];restaurant.[56];0.9722222288449606
restaurant.[77];restaurant.[78];0.9722222288449606
restaurant.[189];restaurant.[190];0.9722222288449606
restaurant.[91];restaurant.[92];0.9487179517745972
restaurant.[105];restaurant.[106];0.9722222288449606
restaurant.[1];restaurant.[2];0.967391312122345
restaurant.[141];restaurant.[142];0.8840579589207967
restaurant.[163];restaurant.[164];0.8995726505915324
restaurant.[185];restaurant.[186];0.9488304257392883
restaurant.[59];restaurant.[60];0.8422008752822876
restaurant.[199];restaurant.[200];0.9429824749628702
restaurant.[219];restaurant.[220];0.9722222288449606
restaurant.[23];restaurant.[24];0.9722222288449606
restaurant.[45];restaurant.[46];0.9001501401265463
restaurant.[184];restaurant.[823];0.9419065515200297
restaurant.[67];restaurant.[68];0.9722222288449606
restaurant.[81];restaurant.[82];0.899999996026357
restaurant.[117];restaurant.[118];0.852104385693868
restaurant.[131];restaurant.[132];0.9722222288449606
restaurant.[153];restaurant.[154];0.8657588958740234
restaurant.[175];restaurant.[176];0.9201388955116272
restaurant.[49];restaurant.[50];0.9722222288449606
restaurant.[197];restaurant.[198];0.9722222288449606
restaurant.[209];restaurant.[210];0.9722222288449606
restaurant.[205];restaurant.[206];0.9722222288449606
