elemento1;elemento2;qtdAlg;min;max;med;duplicata;title;artist;track01;track02;track03;track10;track11
100856;103424;1;0.779513880610466;0.779513880610466;0.779513880610466;0.0;1.0;0.0;0.6875;0.6666666269302368;0.3333333134651184;0.3888888955116272;0.625
101021;103424;1;0.6783234179019928;0.6783234179019928;0.6783234179019928;0.0;1.0;0.0;0.5555555820465088;0.4285714030265808;0.5;0.699999988079071;0.6428571343421936
100521;103424;1;0.7858893573284149;0.7858893573284149;0.7858893573284149;0.0;0.6666666865348816;0.0;0.75;0.6666666269302368;0.23529410362243652;0.7222222089767456;0.5263158082962036
103424;104099;1;0.7708333283662796;0.7708333283662796;0.7708333283662796;0.0;1.0;0.0;0.625;0.75;0.3999999761581421;0.7058823108673096;0.5
103424;104310;1;0.7492177039384842;0.7492177039384842;0.7492177039384842;0.0;1.0;0.0;0.6521738767623901;0.6666666269302368;0.3999999761581421;0.8235294222831726;0.523809552192688
100558;103424;1;0.7077643573284149;0.7077643573284149;0.7077643573284149;0.0;1.0;0.0;0.375;0.6190476417541504;0.3999999761581421;0.7777777910232544;0.7142857313156128
103424;104533;1;0.8108134865760803;0.8108134865760803;0.8108134865760803;0.0;1.0;0.0;0.75;0.8571428656578064;0.23529410362243652;0.6363636255264282;0.550000011920929
103424;104117;1;0.7844358682632446;0.7844358682632446;0.7844358682632446;0.0;1.0;0.0;0.615384578704834;0.8260869383811951;0.2857142686843872;0.8571428656578064;0.6428571343421936
103424;108876;1;0.7645029723644257;0.7645029723644257;0.7645029723644257;0.0;1.0;0.0;0.7368420958518982;0.7142857313156128;0.1666666865348816;0.25925928354263306;0.25
100717;103424;1;0.7253472059965134;0.7253472059965134;0.7253472059965134;0.0;1.0;0.0;0.5333333015441895;0.6666666269302368;0.3333333134651184;0.7142857313156128;0.6315789222717285
103424;106511;1;0.7257435321807861;0.7257435321807861;0.7257435321807861;0.0;1.0;0.0;0.4375;0.6774193644523621;0.21052628755569458;0.3571428656578064;0.523809552192688
103424;104842;2;0.801550971425098;0.8616045266389847;0.8315777490320413;0.0;1.0;0.0;0.7894736528396606;0.8333333134651184;0.17391306161880493;0.8666666746139526;0.7142857313156128
100054;103424;1;0.6979166716337204;0.6979166716337204;0.6979166716337204;0.0;1.0;0.0;0.5;0.7142857313156128;0.23529410362243652;0.8571428656578064;0.5714285373687744
103424;109426;1;0.794394850730896;0.794394850730896;0.794394850730896;0.0;0.7222222685813904;0.0;0.875;0.8095238208770752;0.5714285373687744;0.6428571343421936;0.47826087474823
103424;105066;1;0.7562181204557419;0.7562181204557419;0.7562181204557419;0.0;1.0;0.0;0.5625;0.7307692170143127;0.1818181872367859;0.4516128897666931;0.5
100187;103424;1;0.7745655030012131;0.7745655030012131;0.7745655030012131;0.0;1.0;0.0;0.6818181872367859;0.6666666269302368;0.2857142686843872;0.699999988079071;0.5333333015441895
103424;109749;1;0.7795874625444412;0.7795874625444412;0.7795874625444412;0.0;1.0;0.0;0.625;0.8571428656578064;0.6666666269302368;0.7857142686843872;0.529411792755127
103424;3710;1;0.7325892597436905;0.7325892597436905;0.7325892597436905;0.0;1.0;0.0;0.6666666269302368;0.476190447807312;0.19999998807907104;0.5;0.6875
103056;103424;1;0.7552083283662796;0.7552083283662796;0.7552083283662796;0.0;1.0;0.0;0.75;0.6666666269302368;0.4444444179534912;0.7647058963775635;0.7142857313156128
101555;103424;1;0.8315476179122925;0.8315476179122925;0.8315476179122925;0.0;0.6666666865348816;0.0;0.75;0.8095238208770752;0.3333333134651184;0.7142857313156128;0.3999999761581421
103002;103424;1;0.8360092788934708;0.8360092788934708;0.8360092788934708;0.0;1.0;0.0;0.75;0.9047619104385376;0.6666666269302368;0.5;0.5714285373687744
103424;107620;1;0.775897666811943;0.775897666811943;0.775897666811943;0.0;1.0;0.0;0.8125;0.6190476417541504;0.3333333134651184;0.5;0.5714285373687744
100856;101021;1;0.7104828059673309;0.7104828059673309;0.7104828059673309;0.0;1.0;0.0;0.40740740299224854;0.6428571343421936;0.6666666269302368;0.5;0.5625
100521;100856;1;0.7070874124765396;0.7070874124765396;0.7070874124765396;0.0;0.6666666865348816;0.0;0.550000011920929;0.46666663885116577;0.7058823108673096;0.4444444179534912;0.7894736528396606
100856;104099;1;0.7967171519994736;0.7967171519994736;0.7967171519994736;0.0;1.0;0.0;0.9090908765792847;0.5;0.5;0.3611111044883728;0.625
100856;104310;2;0.7880807518959045;0.8210122533466505;0.8045465026212775;0.0;1.0;0.0;0.47826087474823;0.8571428656578064;0.8333333134651184;0.4722222089767456;0.761904776096344
100558;100856;3;0.8142931461334229;0.8342965685802959;0.8227651415095814;0.0;1.0;0.0;0.5454545021057129;0.8571428656578064;0.75;0.5;0.8125
100856;104533;1;0.8110267668962479;0.8110267668962479;0.8110267668962479;0.0;1.0;0.0;0.8461538553237915;0.7368420958518982;0.7058823108673096;0.5833333730697632;0.800000011920929
100856;104117;1;0.6976361274719238;0.6976361274719238;0.6976361274719238;0.0;1.0;0.0;0.42307692766189575;0.6086956262588501;0.8571428656578064;0.3611111044883728;0.6875
100856;108876;1;0.7677289843559265;0.7677289843559265;0.7677289843559265;0.0;1.0;0.0;0.5789473652839661;0.8666666746139526;0.5;0.5740740299224854;0.3333333134651184
100717;100856;2;0.7604166716337204;0.8278985541799794;0.7941576129068499;0.0;1.0;0.0;0.36666667461395264;0.800000011920929;0.8333333134651184;0.3055555820465088;0.7894736528396606
100856;106511;1;0.7049361765384674;0.7049361765384674;0.7049361765384674;0.0;1.0;0.0;0.6363636255264282;0.4516128897666931;0.6315789222717285;0.1388888955116272;0.761904776096344
100856;104842;1;0.7252923995256424;0.7252923995256424;0.7252923995256424;0.0;1.0;0.0;0.5789473652839661;0.5833333730697632;0.52173912525177;0.4166666865348816;0.5625
100054;100856;1;0.7812139242887497;0.7812139242887497;0.7812139242887497;0.0;1.0;0.0;0.6363636255264282;0.800000011920929;0.47058820724487305;0.3333333134651184;0.625
100856;109426;1;0.7668494284152985;0.7668494284152985;0.7668494284152985;0.0;0.6733333468437195;0.0;0.7333333492279053;0.7368420958518982;0.5;0.25;0.6521738767623901
100856;105066;1;0.7649649530649185;0.7649649530649185;0.7649649530649185;0.0;1.0;0.0;0.8181818127632141;0.5384615659713745;0.5454545021057129;0.7222222089767456;0.3125
100187;100856;1;0.7174316644668579;0.7174316644668579;0.7174316644668579;0.0;1.0;0.0;0.5;0.6666666269302368;0.5714285373687744;0.5;0.625
100856;109749;1;0.8172637820243835;0.8172637820243835;0.8172637820243835;0.0;1.0;0.0;0.9090908765792847;0.699999988079071;0.5;0.3055555820465088;0.8235294222831726
100856;3710;1;0.7528769820928574;0.7528769820928574;0.7528769820928574;0.0;1.0;0.0;0.4583333134651184;0.7142857313156128;0.6000000238418579;0.1944444179534912;0.9375
100856;103056;1;0.8526785671710968;0.8526785671710968;0.8526785671710968;0.0;1.0;0.0;0.9166666865348816;0.7857142686843872;0.6666666269302368;0.4722222089767456;0.875
100856;101555;1;0.7727521806955338;0.7727521806955338;0.7727521806955338;0.0;1.0;0.0;0.550000011920929;0.7368420958518982;0.8333333134651184;0.2777777910232544;0.5333333015441895
100856;103002;1;0.796072706580162;0.796072706580162;0.796072706580162;0.0;1.0;0.0;0.8461538553237915;0.6666666269302368;0.5;0.1944444179534912;0.5
100856;107620;1;0.8283890187740326;0.8283890187740326;0.8283890187740326;0.0;1.0;0.0;0.7857142686843872;0.8571428656578064;1.0;0.1944444179534912;0.8125
100521;101021;1;0.6960852444171906;0.6960852444171906;0.6960852444171906;0.0;0.6666666865348816;0.0;0.7037037014961243;0.30000001192092896;0.47058820724487305;0.75;0.4736841917037964
101021;104099;1;0.6229497492313385;0.6229497492313385;0.6229497492313385;0.0;1.0;0.0;0.37037038803100586;0.3214285969734192;0.6000000238418579;0.6499999761581421;0.6428571343421936
101021;104310;1;0.8180164694786072;0.8180164694786072;0.8180164694786072;0.0;1.0;0.0;0.8148148059844971;0.6428571343421936;0.800000011920929;0.75;0.4285714030265808
100558;101021;1;0.6717065572738647;0.6717065572738647;0.6717065572738647;0.0;1.0;0.0;0.2222222089767456;0.6428571343421936;0.800000011920929;0.75;0.692307710647583
101021;104533;1;0.6526803076267242;0.6526803076267242;0.6526803076267242;0.0;1.0;0.0;0.48148149251937866;0.4736841917037964;0.47058820724487305;0.7727272510528564;0.44999998807907104
101021;104117;2;0.7488982081413269;0.8161671731782997;0.7825326906598133;0.0;1.0;0.0;0.8148148059844971;0.3913043737411499;0.5714285373687744;0.6499999761581421;0.8181818127632141
101021;108876;1;0.7283263057470322;0.7283263057470322;0.7283263057470322;0.0;1.0;0.0;0.7037037014961243;0.6000000238418579;0.3333333134651184;0.37037038803100586;0.1875
100717;101021;1;0.7979166805744171;0.7979166805744171;0.7979166805744171;0.0;1.0;0.0;0.800000011920929;0.6000000238418579;0.6666666269302368;0.550000011920929;0.4736841917037964
101021;106511;1;0.5788299441337585;0.5788299441337585;0.5788299441337585;0.0;1.0;0.0;0.25925928354263306;0.29032260179519653;0.42105263471603394;0.25;0.4285714030265808
101021;104842;1;0.6946759074926376;0.6946759074926376;0.6946759074926376;0.0;1.0;0.0;0.7037037014961243;0.375;0.3478260636329651;0.75;0.7272727489471436
100054;101021;1;0.6375165283679962;0.6375165283679962;0.6375165283679962;0.0;1.0;0.0;0.29629629850387573;0.6000000238418579;0.47058820724487305;0.6000000238418579;0.6428571343421936
101021;109426;1;0.6548794060945511;0.6548794060945511;0.6548794060945511;0.0;0.5333333611488342;0.0;0.5555555820465088;0.4736841917037964;0.75;0.44999998807907104;0.3913043737411499
101021;105066;1;0.588731437921524;0.588731437921524;0.588731437921524;0.0;1.0;0.0;0.3333333134651184;0.3461538553237915;0.3636363744735718;0.6129032373428345;0.3636363744735718
100187;101021;1;0.737638995051384;0.737638995051384;0.737638995051384;0.0;1.0;0.0;0.7777777910232544;0.4285714030265808;0.5714285373687744;0.75;0.6000000238418579
101021;109749;1;0.6226990967988968;0.6226990967988968;0.6226990967988968;0.0;1.0;0.0;0.37037038803100586;0.44999998807907104;0.75;0.550000011920929;0.529411792755127
101021;3710;1;0.842361107468605;0.842361107468605;0.842361107468605;0.0;1.0;0.0;0.7777777910232544;0.8999999761581421;0.3999999761581421;0.3500000238418579;0.5625
101021;103056;1;0.712797611951828;0.712797611951828;0.712797611951828;0.0;1.0;0.0;0.4444444179534912;0.6428571343421936;0.8888888955116272;0.75;0.6428571343421936
101021;101555;1;0.742147907614708;0.742147907614708;0.742147907614708;0.0;1.0;0.0;0.7407407760620117;0.4736841917037964;0.6666666269302368;0.5;0.30000001192092896
101021;103002;1;0.6404204964637756;0.6404204964637756;0.6404204964637756;0.0;1.0;0.0;0.48148149251937866;0.4285714030265808;0.75;0.3500000238418579;0.7777777910232544
101021;107620;1;0.7219448685646057;0.7219448685646057;0.7219448685646057;0.0;1.0;0.0;0.48148149251937866;0.6428571343421936;0.6666666269302368;0.3500000238418579;0.6428571343421936
100521;104099;1;0.6851307302713394;0.6851307302713394;0.6851307302713394;0.0;0.6666666865348816;0.0;0.5;0.6000000238418579;0.3529411554336548;0.6111111044883728;0.5263158082962036
100521;104310;1;0.7695342004299164;0.7695342004299164;0.7695342004299164;0.0;0.6666666865348816;0.0;0.8260869383811951;0.46666663885116577;0.5882352590560913;0.7222222089767456;0.8095238208770752
100521;100558;1;0.6181372702121735;0.6181372702121735;0.6181372702121735;0.0;0.6666666865348816;0.0;0.30000001192092896;0.46666663885116577;0.529411792755127;0.7222222089767456;0.6842105388641357
100521;104533;1;0.7057306170463562;0.7057306170463562;0.7057306170463562;0.0;0.6666666865348816;0.0;0.6499999761581421;0.6000000238418579;0.7058823108673096;0.7272727489471436;0.8500000238418579
100521;104117;1;0.7658450305461884;0.7658450305461884;0.7658450305461884;0.0;0.6666666865348816;0.0;0.7307692170143127;0.699999988079071;0.7058823108673096;0.7222222089767456;0.5789473652839661
100521;108876;1;0.7449473291635513;0.7449473291635513;0.7449473291635513;0.0;0.6666666865348816;0.0;0.8500000238418579;0.5;0.7083333730697632;0.3333333134651184;0.3958333134651184
100521;100717;1;0.7435457408428192;0.7435457408428192;0.7435457408428192;0.0;0.6666666865348816;0.0;0.6666666269302368;0.5;0.6470588445663452;0.5555555820465088;0.6842105388641357
100521;106511;1;0.6848549842834473;0.6848549842834473;0.6848549842834473;0.0;0.6666666865348816;0.0;0.3500000238418579;0.6774193644523621;0.7368420958518982;0.2777777910232544;0.8095238208770752
100521;104842;1;0.8140639662742615;0.8140639662742615;0.8140639662742615;0.0;0.6666666865348816;0.0;0.8500000238418579;0.7333333492279053;0.6521738767623901;0.7777777910232544;0.4736841917037964
100054;100521;1;0.5446078330278397;0.5446078330278397;0.5446078330278397;0.0;1.0;0.0;0.3999999761581421;0.5;0.47058820724487305;0.6666666269302368;0.5789473652839661
100521;109426;1;0.6933006644248962;0.6933006644248962;0.6933006644248962;0.0;0.43619048595428467;0.0;0.699999988079071;0.5333333015441895;0.3529411554336548;0.4444444179534912;0.782608687877655
100521;105066;1;0.7040249705314636;0.7040249705314636;0.7040249705314636;0.0;0.6666666865348816;0.0;0.44999998807907104;0.7333333492279053;0.6818181872367859;0.5161290168762207;0.2631579041481018
100187;100521;1;0.7485230416059494;0.7485230416059494;0.7485230416059494;0.0;1.0;0.0;0.7727272510528564;0.5666666626930237;0.529411792755127;0.6000000238418579;0.5789473652839661
100521;109749;1;0.6710325181484222;0.6710325181484222;0.6710325181484222;0.0;0.6666666865348816;0.0;0.5;0.6666666269302368;0.3529411554336548;0.5555555820465088;0.7894736528396606
100521;3710;1;0.7140143513679504;0.7140143513679504;0.7140143513679504;0.0;0.6666666865348816;0.0;0.7916666865348816;0.3333333134651184;0.699999988079071;0.3888888955116272;0.7368420958518982
100521;103056;1;0.6960784196853638;0.6960784196853638;0.6960784196853638;0.0;0.6666666865348816;0.0;0.6000000238418579;0.46666663885116577;0.47058820724487305;0.7222222089767456;0.7368420958518982
100521;101555;1;0.8126750588417053;0.8126750588417053;0.8126750588417053;0.0;0.6666666865348816;0.0;0.800000011920929;0.6333333253860474;0.6470588445663452;0.5;0.6000000238418579
100521;103002;1;0.7221466451883316;0.7221466451883316;0.7221466451883316;0.0;0.6666666865348816;0.0;0.6499999761581421;0.6666666269302368;0.3529411554336548;0.3888888955116272;0.42105263471603394
100521;107620;1;0.6971844583749771;0.6971844583749771;0.6971844583749771;0.0;0.6666666865348816;0.0;0.6499999761581421;0.46666663885116577;0.7058823108673096;0.3888888955116272;0.7368420958518982
104099;104310;1;0.6566754579544067;0.6566754579544067;0.6566754579544067;0.0;1.0;0.0;0.43478262424468994;0.5;0.5;0.6470588445663452;0.476190447807312
100558;104099;1;0.7396464794874191;0.7396464794874191;0.7396464794874191;0.0;1.0;0.0;0.6000000238418579;0.5;0.6000000238418579;0.7222222089767456;0.6428571343421936
104099;104533;1;0.7786172479391098;0.7786172479391098;0.7786172479391098;0.0;1.0;0.0;0.7692307829856873;0.6785714626312256;0.4117646813392639;0.5909091234207153;0.5
104099;104117;1;0.7400761544704437;0.7400761544704437;0.7400761544704437;0.0;1.0;0.0;0.38461536169052124;0.7142857313156128;0.5;0.6470588445663452;0.6428571343421936
104099;108876;1;0.635072723031044;0.635072723031044;0.635072723031044;0.0;1.0;0.0;0.5263158082962036;0.5357142686843872;0.2916666865348816;0.24074071645736694;0.2083333134651184
100717;104099;1;0.6339285522699356;0.6339285522699356;0.6339285522699356;0.0;1.0;0.0;0.3333333134651184;0.5357142686843872;0.5833333730697632;0.5882352590560913;0.5263158082962036
104099;106511;1;0.8012969046831131;0.8012969046831131;0.8012969046831131;0.0;1.0;0.0;0.699999988079071;0.774193525314331;0.3684210777282715;0.29411762952804565;0.476190447807312
104099;104842;1;0.7724519670009613;0.7724519670009613;0.7724519670009613;0.0;1.0;0.0;0.5263158082962036;0.7857142686843872;0.30434781312942505;0.6470588445663452;0.5714285373687744
100054;104099;1;0.6942460238933563;0.6942460238933563;0.6942460238933563;0.0;1.0;0.0;0.699999988079071;0.5357142686843872;0.3529411554336548;0.6470588445663452;0.5714285373687744
104099;109426;1;0.696825385093689;0.696825385093689;0.696825385093689;0.0;0.5333333611488342;0.0;0.6666666269302368;0.6428571343421936;0.5;0.529411792755127;0.43478262424468994
104099;105066;1;0.8223614543676376;0.8223614543676376;0.8223614543676376;0.0;1.0;0.0;0.8999999761581421;0.6428571343421936;0.3181818127632141;0.4516128897666931;0.2857142686843872
100187;104099;1;0.6832611709833145;0.6832611709833145;0.6832611709833145;0.0;1.0;0.0;0.45454543828964233;0.5714285373687744;0.5;0.6000000238418579;0.3999999761581421
104099;109749;2;0.8032036682833796;0.8784461319446564;0.840824900114018;0.0;1.0;0.0;1.0;0.7142857313156128;0.6000000238418579;0.6470588445663452;0.529411792755127
104099;3710;1;0.6101190447807312;0.6101190447807312;0.6101190447807312;0.0;1.0;0.0;0.4166666865348816;0.3571428656578064;0.3500000238418579;0.4117646813392639;0.625
103056;104099;1;0.730555534362793;0.730555534362793;0.730555534362793;0.0;1.0;0.0;0.8333333134651184;0.5;0.6000000238418579;0.6470588445663452;0.5714285373687744
101555;104099;1;0.6974206417798996;0.6974206417798996;0.6974206417798996;0.0;0.6666666865348816;0.0;0.5;0.6785714626312256;0.5833333730697632;0.5882352590560913;0.3333333134651184
103002;104099;1;0.800912544131279;0.800912544131279;0.800912544131279;0.0;1.0;0.0;0.7692307829856873;0.7142857313156128;0.6000000238418579;0.4117646813392639;0.5
104099;107620;1;0.7054531425237656;0.7054531425237656;0.7054531425237656;0.0;1.0;0.0;0.7142857313156128;0.5;0.5;0.4117646813392639;0.5714285373687744
100558;104310;2;0.7055280804634094;0.7559342591658883;0.7307311698146488;0.0;1.0;0.0;0.260869562625885;0.8571428656578064;0.800000011920929;0.7777777910232544;0.6190476417541504
104310;104533;1;0.7096057832241058;0.7096057832241058;0.7096057832241058;0.0;1.0;0.0;0.5652173757553101;0.7368420958518982;0.5882352590560913;0.7272727489471436;0.761904776096344
104117;104310;1;0.7635406106710434;0.7635406106710434;0.7635406106710434;0.0;1.0;0.0;0.7692307829856873;0.6086956262588501;0.7142857313156128;0.7647058963775635;0.523809552192688
104310;108876;1;0.8600743412971497;0.8600743412971497;0.8600743412971497;0.0;1.0;0.0;0.782608687877655;0.9333333373069763;0.4166666865348816;0.31481480598449707;0.4375
100717;104310;3;0.824765533208847;0.8482142984867096;0.8395785119222557;0.0;1.0;0.0;0.699999988079071;0.800000011920929;0.8333333134651184;0.6470588445663452;0.8571428656578064
104310;106511;1;0.6097848117351532;0.6097848117351532;0.6097848117351532;0.0;1.0;0.0;0.30434781312942505;0.4516128897666931;0.5263158082962036;0.29411762952804565;0.8095238208770752
104310;104842;1;0.7637077420949936;0.7637077420949936;0.7637077420949936;0.0;1.0;0.0;0.782608687877655;0.5833333730697632;0.43478262424468994;0.7647058963775635;0.4285714030265808
100054;104310;1;0.7447487264871597;0.7447487264871597;0.7447487264871597;0.0;1.0;0.0;0.3478260636329651;0.8666666746139526;0.529411792755127;0.7058823108673096;0.523809552192688
104310;109426;1;0.7350135892629623;0.7350135892629623;0.7350135892629623;0.0;0.6800000071525574;0.0;0.6086956262588501;0.7368420958518982;0.6000000238418579;0.529411792755127;0.695652186870575
104310;105066;1;0.626668855547905;0.626668855547905;0.626668855547905;0.0;1.0;0.0;0.3913043737411499;0.5384615659713745;0.45454543828964233;0.5483871102333069;0.238095223903656
100187;104310;1;0.7787931561470032;0.7787931561470032;0.7787931561470032;0.0;1.0;0.0;0.8695652484893799;0.6190476417541504;0.6428571343421936;0.699999988079071;0.523809552192688
104310;109749;1;0.6793153882026672;0.6793153882026672;0.6793153882026672;0.0;1.0;0.0;0.43478262424468994;0.699999988079071;0.6000000238418579;0.6470588445663452;0.7142857313156128
104310;3710;1;0.7897456735372543;0.7897456735372543;0.7897456735372543;0.0;1.0;0.0;0.75;0.7142857313156128;0.5;0.4117646813392639;0.761904776096344
103056;104310;1;0.7532702684402466;0.7532702684402466;0.7532702684402466;0.0;1.0;0.0;0.52173912525177;0.7857142686843872;0.800000011920929;0.8235294222831726;0.6666666269302368
101555;104310;1;0.8181202709674835;0.8181202709674835;0.8181202709674835;0.0;0.6666666865348816;0.0;0.782608687877655;0.7368420958518982;0.75;0.5882352590560913;0.6333333253860474
103002;104310;1;0.6949232220649719;0.6949232220649719;0.6949232220649719;0.0;1.0;0.0;0.5652173757553101;0.6666666269302368;0.6000000238418579;0.4117646813392639;0.3809523582458496
104310;107620;1;0.7630008608102798;0.7630008608102798;0.7630008608102798;0.0;1.0;0.0;0.5652173757553101;0.8571428656578064;0.8333333134651184;0.4117646813392639;0.6666666269302368
100558;104533;1;0.7058816999197006;0.7058816999197006;0.7058816999197006;0.0;1.0;0.0;0.4615384340286255;0.6842105388641357;0.5882352590560913;0.8181818127632141;0.6499999761581421
100558;104117;1;0.6683989018201828;0.6683989018201828;0.6683989018201828;0.0;1.0;0.0;0.23076921701431274;0.6086956262588501;0.6428571343421936;0.7222222089767456;0.8461538553237915
100558;108876;1;0.6786063611507416;0.6786063611507416;0.6786063611507416;0.0;1.0;0.0;0.31578946113586426;0.8666666746139526;0.4166666865348816;0.3333333134651184;0.2708333134651184
100558;100717;2;0.6842320412397385;0.7387041890102884;0.7114681151250135;0.0;1.0;0.0;0.19999998807907104;0.800000011920929;0.75;0.6111111044883728;0.6842105388641357
100558;106511;1;0.7626894563436508;0.7626894563436508;0.7626894563436508;0.0;1.0;0.0;0.8571428656578064;0.4516128897666931;0.5263158082962036;0.2777777910232544;0.6190476417541504
100558;104842;1;0.6886695921421051;0.6886695921421051;0.6886695921421051;0.0;1.0;0.0;0.31578946113586426;0.5833333730697632;0.43478262424468994;0.8333333134651184;0.692307710647583
100054;100558;1;0.7788929343223572;0.7788929343223572;0.7788929343223572;0.0;1.0;0.0;0.75;0.800000011920929;0.47058820724487305;0.6666666269302368;0.6428571343421936
100558;109426;1;0.6612784266471863;0.6612784266471863;0.6612784266471863;0.0;0.5333333611488342;0.0;0.3999999761581421;0.6842105388641357;0.6000000238418579;0.5;0.5652173757553101
100558;105066;1;0.7294009625911713;0.7294009625911713;0.7294009625911713;0.0;1.0;0.0;0.6666666269302368;0.5384615659713745;0.45454543828964233;0.5806452035903931;0.38461536169052124
100187;100558;1;0.6637700349092484;0.6637700349092484;0.6637700349092484;0.0;1.0;0.0;0.27272725105285645;0.6666666269302368;0.6428571343421936;0.699999988079071;0.6666666269302368
100558;109749;1;0.7672989219427109;0.7672989219427109;0.7672989219427109;0.0;1.0;0.0;0.6000000238418579;0.699999988079071;0.6000000238418579;0.6111111044883728;0.7058823108673096
100558;3710;1;0.6741596609354019;0.6741596609354019;0.6741596609354019;0.0;1.0;0.0;0.25;0.7142857313156128;0.5;0.3888888955116272;0.8125
100558;103056;1;0.7604405283927917;0.7604405283927917;0.7604405283927917;0.0;1.0;0.0;0.5;0.9285714030265808;0.8999999761581421;0.8888888955116272;0.9285714030265808
100558;101555;1;0.6644349843263626;0.6644349843263626;0.6644349843263626;0.0;1.0;0.0;0.30000001192092896;0.6842105388641357;0.8333333134651184;0.5555555820465088;0.4333333373069763
100558;103002;1;0.7028950303792953;0.7028950303792953;0.7028950303792953;0.0;1.0;0.0;0.4615384340286255;0.6666666269302368;0.6000000238418579;0.3888888955116272;0.615384578704834
100558;107620;1;0.7203962206840515;0.7203962206840515;0.7203962206840515;0.0;1.0;0.0;0.4285714030265808;0.7857142686843872;0.75;0.3888888955116272;0.8571428656578064
104117;104533;1;0.72513347864151;0.72513347864151;0.72513347864151;0.0;1.0;0.0;0.5;0.739130437374115;0.8235294222831726;0.5909091234207153;0.550000011920929
104533;108876;1;0.7251101583242416;0.7251101583242416;0.7251101583242416;0.0;1.0;0.0;0.6315789222717285;0.7894736528396606;0.6666666269302368;0.40740740299224854;0.4166666865348816
100717;104533;1;0.6800438612699509;0.6800438612699509;0.6800438612699509;0.0;1.0;0.0;0.4333333373069763;0.7368420958518982;0.7058823108673096;0.5;0.800000011920929
104533;106511;1;0.7390107959508896;0.7390107959508896;0.7390107959508896;0.0;1.0;0.0;0.5384615659713745;0.6129032373428345;0.7894736528396606;0.22727274894714355;0.8571428656578064
104533;104842;1;0.7648391872644424;0.7648391872644424;0.7648391872644424;0.0;1.0;0.0;0.6315789222717285;0.75;0.695652186870575;0.6818181872367859;0.44999998807907104
100054;104533;1;0.7006346136331558;0.7006346136331558;0.7006346136331558;0.0;1.0;0.0;0.5384615659713745;0.7894736528396606;0.3529411554336548;0.5454545021057129;0.550000011920929
104533;109426;1;0.7640350908041;0.7640350908041;0.7640350908041;0.0;0.7041666507720947;0.0;0.8666666746139526;0.7894736528396606;0.3529411554336548;0.40909093618392944;0.739130437374115
104533;105066;1;0.7744311392307281;0.7744311392307281;0.7744311392307281;0.0;1.0;0.0;0.692307710647583;0.692307710647583;0.7272727489471436;0.7096774578094482;0.25
100187;104533;1;0.7945166081190109;0.7945166081190109;0.7945166081190109;0.0;1.0;0.0;0.5909091234207153;0.761904776096344;0.6470588445663452;0.6363636255264282;0.550000011920929
104533;109749;1;0.8078569918870926;0.8078569918870926;0.8078569918870926;0.0;1.0;0.0;0.7692307829856873;0.8500000238418579;0.3529411554336548;0.5;0.75
104533;3710;1;0.7072733938694;0.7072733938694;0.7072733938694;0.0;1.0;0.0;0.5416666269302368;0.5263158082962036;0.8500000238418579;0.3181818127632141;0.800000011920929
103056;104533;1;0.7603688836097717;0.7603688836097717;0.7603688836097717;0.0;1.0;0.0;0.8461538553237915;0.6842105388641357;0.529411792755127;0.7272727489471436;0.699999988079071
101555;104533;1;0.7861025184392929;0.7861025184392929;0.7861025184392929;0.0;0.6666666865348816;0.0;0.6499999761581421;0.8947368264198303;0.7058823108673096;0.45454543828964233;0.6000000238418579
103002;104533;1;0.8665718883275986;0.8665718883275986;0.8665718883275986;0.0;1.0;0.0;0.8461538553237915;0.8571428656578064;0.3529411554336548;0.3181818127632141;0.3999999761581421
104533;107620;1;0.8186939656734467;0.8186939656734467;0.8186939656734467;0.0;1.0;0.0;0.7857142686843872;0.7368420958518982;0.7058823108673096;0.3181818127632141;0.699999988079071
104117;108876;1;0.7160637825727463;0.7160637825727463;0.7160637825727463;0.0;1.0;0.0;0.7307692170143127;0.6521738767623901;0.5833333730697632;0.24074071645736694;0.2291666865348816
100717;104117;1;0.7655511051416397;0.7655511051416397;0.7655511051416397;0.0;1.0;0.0;0.800000011920929;0.6086956262588501;0.8571428656578064;0.7692307829856873;0.5789473652839661
104117;106511;1;0.6533292084932327;0.6533292084932327;0.6533292084932327;0.0;1.0;0.0;0.26923078298568726;0.6774193644523621;0.6842105388641357;0.38461536169052124;0.523809552192688
104117;104842;1;0.8341177403926849;0.8341177403926849;0.8341177403926849;0.0;1.0;0.0;0.7307692170143127;0.7916666865348816;0.6086956262588501;0.8666666746139526;0.6363636255264282
100054;104117;1;0.6236249506473541;0.6236249506473541;0.6236249506473541;0.0;1.0;0.0;0.307692289352417;0.6086956262588501;0.47058820724487305;0.8461538553237915;0.7142857313156128
104117;109426;1;0.7185379266738892;0.7185379266738892;0.7185379266738892;0.0;0.5333333611488342;0.0;0.5769230723381042;0.782608687877655;0.4285714030265808;0.615384578704834;0.47826087474823
104117;105066;1;0.7108636945486069;0.7108636945486069;0.7108636945486069;0.0;1.0;0.0;0.3461538553237915;0.7692307829856873;0.6363636255264282;0.4193548560142517;0.3636363744735718
100187;104117;1;0.7762504369020462;0.7762504369020462;0.7762504369020462;0.0;1.0;0.0;0.807692289352417;0.6521738767623901;0.5714285373687744;0.6000000238418579;0.6000000238418579
104117;109749;1;0.7465978711843491;0.7465978711843491;0.7465978711843491;0.0;1.0;0.0;0.38461536169052124;0.8260869383811951;0.4285714030265808;0.7692307829856873;0.5882352590560913
104117;3710;1;0.7253117114305496;0.7253117114305496;0.7253117114305496;0.0;1.0;0.0;0.807692289352417;0.43478262424468994;0.699999988079071;0.5384615659713745;0.6875
103056;104117;1;0.6739912629127502;0.6739912629127502;0.6739912629127502;0.0;1.0;0.0;0.4615384340286255;0.6086956262588501;0.6428571343421936;0.7058823108673096;0.7857142686843872
101555;104117;1;0.7786253839731216;0.7786253839731216;0.7786253839731216;0.0;0.6666666865348816;0.0;0.7692307829856873;0.739130437374115;0.7857142686843872;0.692307710647583;0.36666667461395264
103002;104117;1;0.7575868964195251;0.7575868964195251;0.7575868964195251;0.0;1.0;0.0;0.5;0.8260869383811951;0.4285714030265808;0.5384615659713745;0.6363636255264282
104117;107620;1;0.6545329689979553;0.6545329689979553;0.6545329689979553;0.0;1.0;0.0;0.5;0.5652173757553101;0.8571428656578064;0.5384615659713745;0.7857142686843872
100717;108876;1;0.810343325138092;0.810343325138092;0.810343325138092;0.0;1.0;0.0;0.6333333253860474;0.8666666746139526;0.5;0.20370370149612427;0.3958333134651184
106511;108876;1;0.6139345020055771;0.6139345020055771;0.6139345020055771;0.0;1.0;0.0;0.3684210777282715;0.4838709831237793;0.7083333730697632;0.09259259700775146;0.4166666865348816
104842;108876;1;0.7703931629657745;0.7703931629657745;0.7703931629657745;0.0;1.0;0.0;0.8947368264198303;0.625;0.75;0.2777777910232544;0.1875
100054;108876;1;0.713958814740181;0.713958814740181;0.713958814740181;0.0;1.0;0.0;0.42105263471603394;0.800000011920929;0.375;0.2222222089767456;0.2291666865348816
108876;109426;1;0.7301768958568573;0.7301768958568573;0.7301768958568573;0.0;0.5;0.0;0.6842105388641357;0.7368420958518982;0.25;0.1666666865348816;0.4166666865348816
105066;108876;1;0.6386662125587463;0.6386662125587463;0.6386662125587463;0.0;1.0;0.0;0.4736841917037964;0.5769230723381042;0.7083333730697632;0.5185185074806213;0.10416668653488159
100187;108876;1;0.7652322351932526;0.7652322351932526;0.7652322351932526;0.0;1.0;0.0;0.8181818127632141;0.6666666269302368;0.4583333134651184;0.3333333134651184;0.2291666865348816
108876;109749;1;0.658062532544136;0.658062532544136;0.658062532544136;0.0;0.800000011920929;0.0;0.5263158082962036;0.75;0.25;0.20370370149612427;0.3125
108876;3710;1;0.773665264248848;0.773665264248848;0.773665264248848;0.0;0.75;0.0;0.7916666865348816;0.6666666269302368;0.7916666865348816;0.12962961196899414;0.3333333134651184
103056;108876;1;0.7652854919433594;0.7652854919433594;0.7652854919433594;0.0;1.0;0.0;0.5789473652839661;0.800000011920929;0.375;0.31481480598449707;0.2916666865348816
101555;108876;2;0.8224919464277185;0.8698321729898453;0.8461620597087819;0.0;1.0;0.0;0.8999999761581421;0.7894736528396606;0.4583333134651184;0.18518519401550293;0.5208333730697632
103002;108876;1;0.7101027518510818;0.7101027518510818;0.7101027518510818;0.0;1.0;0.0;0.6315789222717285;0.7142857313156128;0.25;0.12962961196899414;0.1666666865348816
107620;108876;1;0.7653649598360062;0.7653649598360062;0.7653649598360062;0.0;0.8333333134651184;0.0;0.6315789222717285;0.8666666746139526;0.5;0.12962961196899414;0.2916666865348816
100717;106511;1;0.5975372493267059;0.5975372493267059;0.5975372493267059;0.0;1.0;0.0;0.23333334922790527;0.4838709831237793;0.5789473652839661;0.45454543828964233;0.7142857313156128
100717;104842;1;0.7111111134290695;0.7111111134290695;0.7111111134290695;0.0;1.0;0.0;0.6333333253860474;0.5833333730697632;0.52173912525177;0.6666666269302368;0.4736841917037964
100054;100717;1;0.6533730179071426;0.6533730179071426;0.6533730179071426;0.0;1.0;0.0;0.2666666507720947;0.7333333492279053;0.47058820724487305;0.8333333134651184;0.5263158082962036
100717;109426;1;0.7040518075227737;0.7040518075227737;0.7040518075227737;0.0;0.6733333468437195;0.0;0.5;0.7368420958518982;0.5;0.8181818127632141;0.739130437374115
100717;105066;1;0.6187190860509872;0.6187190860509872;0.6187190860509872;0.0;1.0;0.0;0.30000001192092896;0.5769230723381042;0.5454545021057129;0.3548387289047241;0.2631579041481018
100187;100717;1;0.761059120297432;0.761059120297432;0.761059120297432;0.0;1.0;0.0;0.7333333492279053;0.6666666269302368;0.6428571343421936;0.550000011920929;0.5263158082962036
100717;109749;1;0.6345086097717285;0.6345086097717285;0.6345086097717285;0.0;1.0;0.0;0.3333333134651184;0.6499999761581421;0.5;0.8181818127632141;0.6842105388641357
100717;3710;1;0.7868055403232574;0.7868055403232574;0.7868055403232574;0.0;1.0;0.0;0.7666666507720947;0.6666666269302368;0.6000000238418579;0.6363636255264282;0.8421052694320679
100717;103056;1;0.7416666597127914;0.7416666597127914;0.7416666597127914;0.0;1.0;0.0;0.3999999761581421;0.7333333492279053;0.6666666269302368;0.6470588445663452;0.7368420958518982
100717;101555;1;0.8008771687746048;0.8008771687746048;0.8008771687746048;0.0;1.0;0.0;0.6666666269302368;0.7368420958518982;0.8333333134651184;0.8181818127632141;0.5666666626930237
100717;103002;1;0.6665517836809158;0.6665517836809158;0.6665517836809158;0.0;1.0;0.0;0.4333333373069763;0.6666666269302368;0.5;0.6363636255264282;0.42105263471603394
100717;107620;1;0.7426747381687164;0.7426747381687164;0.7426747381687164;0.0;1.0;0.0;0.4333333373069763;0.8666666746139526;0.8333333134651184;0.6363636255264282;0.7368420958518982
104842;106511;1;0.7186474502086639;0.7186474502086639;0.7186474502086639;0.0;1.0;0.0;0.3684210777282715;0.7096774578094482;0.8260869383811951;0.3333333134651184;0.4285714030265808
100054;106511;1;0.7310637682676315;0.7310637682676315;0.7310637682676315;0.0;1.0;0.0;0.875;0.4838709831237793;0.4736841917037964;0.4166666865348816;0.523809552192688
106511;109426;1;0.6262736320495605;0.6262736320495605;0.6262736320495605;0.0;0.6766666769981384;0.0;0.46666663885116577;0.6129032373428345;0.31578946113586426;0.5555555820465088;0.6521738767623901
105066;106511;1;0.80464968085289;0.80464968085289;0.80464968085289;0.0;1.0;0.0;0.7777777910232544;0.6774193644523621;0.7727272510528564;0.16129034757614136;0.238095223903656
100187;106511;1;0.7045711874961853;0.7045711874961853;0.7045711874961853;0.0;1.0;0.0;0.3181818127632141;0.5806452035903931;0.5263158082962036;0.25;0.5714285373687744
106511;109749;1;0.7362960278987885;0.7362960278987885;0.7362960278987885;0.0;1.0;0.0;0.699999988079071;0.6451612710952759;0.31578946113586426;0.45454543828964233;0.7142857313156128
106511;3710;1;0.6112114638090134;0.6112114638090134;0.6112114638090134;0.0;1.0;0.0;0.2916666865348816;0.32258063554763794;0.800000011920929;0.7142857313156128;0.7142857313156128
103056;106511;1;0.6576013714075089;0.6576013714075089;0.6576013714075089;0.0;1.0;0.0;0.5833333730697632;0.4516128897666931;0.4736841917037964;0.29411762952804565;0.6666666269302368
101555;106511;1;0.6802382171154022;0.6802382171154022;0.6802382171154022;0.0;0.6666666865348816;0.0;0.3500000238418579;0.6129032373428345;0.6315789222717285;0.5;0.6333333253860474
103002;106511;1;0.7477881163358688;0.7477881163358688;0.7477881163358688;0.0;1.0;0.0;0.5384615659713745;0.6774193644523621;0.31578946113586426;0.7142857313156128;0.3809523582458496
106511;107620;1;0.6821673512458801;0.6821673512458801;0.6821673512458801;0.0;1.0;0.0;0.5;0.4516128897666931;0.6315789222717285;0.7142857313156128;0.6666666269302368
100054;104842;1;0.6496084034442902;0.6496084034442902;0.6496084034442902;0.0;1.0;0.0;0.42105263471603394;0.625;0.43478262424468994;0.800000011920929;0.6428571343421936
104842;109426;1;0.7175438404083252;0.7175438404083252;0.7175438404083252;0.0;0.7695238590240479;0.0;0.7368420958518982;0.6666666269302368;0.260869562625885;0.5333333015441895;0.3913043737411499
104842;105066;1;0.7457377314567566;0.7457377314567566;0.7457377314567566;0.0;1.0;0.0;0.4736841917037964;0.692307710647583;0.8260869383811951;0.4838709831237793;0.5454545021057129
100187;104842;1;0.8171717077493668;0.8171717077493668;0.8171717077493668;0.0;1.0;0.0;0.8636363744735718;0.6666666269302368;0.43478262424468994;0.699999988079071;0.6000000238418579
104842;109749;1;0.7555247098207474;0.7555247098207474;0.7555247098207474;0.0;1.0;0.0;0.5263158082962036;0.7916666865348816;0.260869562625885;0.7333333492279053;0.47058820724487305
104842;3710;1;0.7180555611848831;0.7180555611848831;0.7180555611848831;0.0;1.0;0.0;0.75;0.4166666865348816;0.782608687877655;0.46666663885116577;0.5625
103056;104842;1;0.6842836290597916;0.6842836290597916;0.6842836290597916;0.0;1.0;0.0;0.6315789222717285;0.5833333730697632;0.3913043737411499;0.8235294222831726;0.6428571343421936
101555;104842;1;0.807936504483223;0.807936504483223;0.807936504483223;0.0;0.6666666865348816;0.0;0.8500000238418579;0.75;0.52173912525177;0.6666666269302368;0.30000001192092896
103002;104842;1;0.807732880115509;0.807732880115509;0.807732880115509;0.0;1.0;0.0;0.6842105388641357;0.7916666865348816;0.260869562625885;0.46666663885116577;0.6363636255264282
104842;107620;1;0.707939550280571;0.707939550280571;0.707939550280571;0.0;1.0;0.0;0.6315789222717285;0.5833333730697632;0.52173912525177;0.46666663885116577;0.5714285373687744
100054;109426;1;0.7445279657840729;0.7445279657840729;0.7445279657840729;0.0;0.6666666865348816;0.0;0.5333333015441895;0.7368420958518982;0.3529411554336548;0.6666666269302368;0.47826087474823
100054;105066;1;0.620107963681221;0.620107963681221;0.620107963681221;0.0;1.0;0.0;0.7777777910232544;0.5769230723381042;0.45454543828964233;0.3870967626571655;0.3571428656578064
100054;100187;1;0.632830411195755;0.632830411195755;0.632830411195755;0.0;1.0;0.0;0.3636363744735718;0.6190476417541504;0.47058820724487305;0.6000000238418579;0.5333333015441895
100054;109749;1;0.7240288108587265;0.7240288108587265;0.7240288108587265;0.0;1.0;0.0;0.699999988079071;0.75;0.3529411554336548;0.8333333134651184;0.529411792755127
100054;3710;1;0.6526785492897034;0.6526785492897034;0.6526785492897034;0.0;1.0;0.0;0.3333333134651184;0.6666666269302368;0.3999999761581421;0.5833333730697632;0.5625
100054;103056;3;0.8132505183634552;0.8361111134290695;0.8235967329878738;0.0;1.0;0.0;0.6666666269302368;0.8666666746139526;0.4117646813392639;0.6470588445663452;0.5714285373687744
100054;101555;1;0.6848057508468628;0.6848057508468628;0.6848057508468628;0.0;1.0;0.0;0.3999999761581421;0.7368420958518982;0.529411792755127;0.75;0.36666667461395264
100054;103002;1;0.6951995193958282;0.6951995193958282;0.6951995193958282;0.0;1.0;0.0;0.615384578704834;0.7142857313156128;0.3529411554336548;0.5833333730697632;0.5714285373687744
100054;107620;1;0.7362279146909714;0.7362279146909714;0.7362279146909714;0.0;1.0;0.0;0.5714285373687744;0.8666666746139526;0.47058820724487305;0.5833333730697632;0.6428571343421936
105066;109426;1;0.6643387377262115;0.6643387377262115;0.6643387377262115;0.0;0.7095238566398621;0.0;0.6000000238418579;0.6538461446762085;0.27272725105285645;0.29032260179519653;0.21739131212234497
100187;109426;1;0.6666454523801804;0.6666454523801804;0.6666454523801804;0.0;0.7904762029647827;0.0;0.6363636255264282;0.6190476417541504;0.4285714030265808;0.44999998807907104;0.6086956262588501
109426;109749;1;0.7254803627729416;0.7254803627729416;0.7254803627729416;0.0;0.5333333611488342;0.0;0.6666666269302368;0.800000011920929;0.8571428656578064;0.7272727489471436;0.6521738767623901
109426;3710;1;0.6704678386449814;0.6704678386449814;0.6704678386449814;0.0;1.0;0.0;0.625;0.5263158082962036;0.30000001192092896;0.7777777910232544;0.6086956262588501
103056;109426;1;0.8075605779886246;0.8075605779886246;0.8075605779886246;0.0;0.6666666865348816;0.0;0.800000011920929;0.6842105388641357;0.6666666269302368;0.529411792755127;0.6086956262588501
101555;109426;1;0.7522660791873932;0.7522660791873932;0.7522660791873932;0.0;0.4000000059604645;0.0;0.75;0.7368420958518982;0.5;0.800000011920929;0.6333333253860474
103002;109426;1;0.7373851388692856;0.7373851388692856;0.7373851388692856;0.0;0.7111110687255859;0.0;0.800000011920929;0.761904776096344;0.8571428656578064;0.7777777910232544;0.3478260636329651
107620;109426;1;0.7291955649852753;0.7291955649852753;0.7291955649852753;0.0;0.6111111044883728;0.0;0.800000011920929;0.6842105388641357;0.5;0.7777777910232544;0.6086956262588501
100187;105066;1;0.6970152705907822;0.6970152705907822;0.6970152705907822;0.0;1.0;0.0;0.40909093618392944;0.6538461446762085;0.5;0.5161290168762207;0.3333333134651184
105066;109749;1;0.8235362023115158;0.8235362023115158;0.8235362023115158;0.0;0.9166666865348816;0.0;0.8999999761581421;0.7307692170143127;0.27272725105285645;0.3548387289047241;0.23529410362243652
105066;3710;1;0.6192959100008011;0.6192959100008011;0.6192959100008011;0.0;1.0;0.0;0.375;0.38461536169052124;0.7727272510528564;0.22580647468566895;0.3125
103056;105066;1;0.700770378112793;0.700770378112793;0.700770378112793;0.0;1.0;0.0;0.75;0.5384615659713745;0.40909093618392944;0.5483871102333069;0.3571428656578064
101555;105066;1;0.6966027617454529;0.6966027617454529;0.6966027617454529;0.0;0.6666666865348816;0.0;0.44999998807907104;0.692307710647583;0.5454545021057129;0.32258063554763794;0.1666666865348816
103002;105066;1;0.8047599643468857;0.8047599643468857;0.8047599643468857;0.0;1.0;0.0;0.692307710647583;0.7692307829856873;0.27272725105285645;0.22580647468566895;0.27272725105285645
105066;107620;1;0.6958574801683426;0.6958574801683426;0.6958574801683426;0.0;1.0;0.0;0.6428571343421936;0.5384615659713745;0.5454545021057129;0.22580647468566895;0.2857142686843872
100187;109749;1;0.6932102888822556;0.6932102888822556;0.6932102888822556;0.0;1.0;0.0;0.45454543828964233;0.7142857313156128;0.4285714030265808;0.550000011920929;0.6470588445663452
100187;3710;1;0.7612267732620239;0.7612267732620239;0.7612267732620239;0.0;1.0;0.0;0.75;0.476190447807312;0.550000011920929;0.3500000238418579;0.5625
100187;103056;1;0.6983065754175186;0.6983065754175186;0.6983065754175186;0.0;1.0;0.0;0.5454545021057129;0.6666666269302368;0.5714285373687744;0.699999988079071;0.6666666269302368
100187;101555;1;0.824366569519043;0.824366569519043;0.824366569519043;0.0;1.0;0.0;0.8181818127632141;0.761904776096344;0.7142857313156128;0.5;0.3999999761581421
100187;103002;1;0.7790689021348953;0.7790689021348953;0.7790689021348953;0.0;1.0;0.0;0.5909091234207153;0.7142857313156128;0.4285714030265808;0.3500000238418579;0.5333333015441895
100187;107620;1;0.7527672052383423;0.7527672052383423;0.7527672052383423;0.0;1.0;0.0;0.5454545021057129;0.6666666269302368;0.5714285373687744;0.3500000238418579;0.6000000238418579
109749;3710;1;0.6136021912097931;0.6136021912097931;0.6136021912097931;0.0;0.5;0.0;0.4166666865348816;0.5;0.30000001192092896;0.6363636255264282;0.7647058963775635
103056;109749;1;0.7567669153213501;0.7567669153213501;0.7567669153213501;0.0;1.0;0.0;0.8333333134651184;0.699999988079071;0.6666666269302368;0.6470588445663452;0.7647058963775635
101555;109749;1;0.6962776333093643;0.6962776333093643;0.6962776333093643;0.0;0.7333333492279053;0.0;0.5;0.800000011920929;0.5;0.9090908765792847;0.5333333015441895
103002;109749;1;0.8270669430494308;0.8270669430494308;0.8270669430494308;0.0;1.0;0.0;0.7692307829856873;0.9047619104385376;1.0;0.6363636255264282;0.4117646813392639
107620;109749;1;0.7310153692960739;0.7310153692960739;0.7310153692960739;0.0;0.8888888359069824;0.0;0.7142857313156128;0.699999988079071;0.5;0.6363636255264282;0.7647058963775635
103056;3710;1;0.7139880955219269;0.7139880955219269;0.7139880955219269;0.0;1.0;0.0;0.5;0.7142857313156128;0.44999998807907104;0.4117646813392639;0.875
101555;3710;1;0.789483368396759;0.789483368396759;0.789483368396759;0.0;0.6666666865348816;0.0;0.8333333134651184;0.5263158082962036;0.6000000238418579;0.699999988079071;0.5
103002;3710;1;0.7068556696176529;0.7068556696176529;0.7068556696176529;0.0;1.0;0.0;0.5416666269302368;0.476190447807312;0.30000001192092896;1.0;0.5
107620;3710;1;0.7448348551988602;0.7448348551988602;0.7448348551988602;0.0;0.8333333134651184;0.0;0.5416666269302368;0.7142857313156128;0.6000000238418579;1.0;0.8125
101555;103056;1;0.7460526376962662;0.7460526376962662;0.7460526376962662;0.0;0.6666666865348816;0.0;0.6000000238418579;0.6842105388641357;0.75;0.5882352590560913;0.46666663885116577
103002;103056;1;0.7721225917339325;0.7721225917339325;0.7721225917339325;0.0;1.0;0.0;0.9230769276618958;0.6666666269302368;0.6666666269302368;0.4117646813392639;0.5714285373687744
103056;107620;1;0.8122599869966507;0.8122599869966507;0.8122599869966507;0.0;1.0;0.0;0.7857142686843872;0.8571428656578064;0.6666666269302368;0.4117646813392639;0.8571428656578064
101555;103002;1;0.7734771966934204;0.7734771966934204;0.7734771966934204;0.0;0.6666666865348816;0.0;0.6000000238418579;0.8571428656578064;0.5;0.699999988079071;0.2666666507720947
101555;107620;1;0.7635491639375687;0.7635491639375687;0.7635491639375687;0.0;0.6666666865348816;0.0;0.6000000238418579;0.7368420958518982;0.8333333134651184;0.699999988079071;0.46666663885116577
103002;107620;1;0.7768985778093338;0.7768985778093338;0.7768985778093338;0.0;1.0;0.0;0.7857142686843872;0.6190476417541504;0.5;1.0;0.5
4124;7722;4;0.8136645814646846;1.0;0.9184459078031174;1.0;0.5;1.0;1.0;1.0;1.0;1.0;1.0
4124;6737;4;0.8136645814646846;1.0;0.9184459078031174;1.0;0.5;1.0;1.0;1.0;0.9411764740943909;1.0;1.0
6811;7429;5;0.8882587785306185;0.95652174949646;0.9252589510834734;1.0;0.8333333730697632;1.0;0.9130434989929199;1.0;1.0;0.95652174949646;0.875
103398;105098;2;0.8502415470455005;0.8940972238779068;0.8721693854617036;0.0;1.0;0.0;0.8888888955116272;0.875;0.375;0.6666666269302368;0.5333333015441895
102120;105098;1;0.8263888955116272;0.8263888955116272;0.8263888955116272;0.0;1.0;0.0;0.75;0.875;0.5454545021057129;0.75;0.5714285373687744
105098;105349;2;0.7019762785538384;0.7903409004211426;0.7461585894874905;0.0;1.0;0.0;0.8999999761581421;0.6363636255264282;0.6000000238418579;0.8181818127632141;0.4444444179534912
105098;107056;2;0.8309178766996965;0.8852068036794662;0.8580623401895814;0.0;1.0;0.0;0.7777777910232544;0.875;0.3333333134651184;0.8999999761581421;0.4444444179534912
102120;103398;1;0.7769764959812164;0.7769764959812164;0.7769764959812164;0.0;1.0;0.0;0.75;0.75;0.6875;0.5;0.800000011920929
103398;105349;2;0.7705859438232754;0.8041458576917648;0.7873659007575201;0.0;1.0;0.0;0.800000011920929;0.6363636255264282;0.5625;0.5454545021057129;0.7222222089767456
103398;107056;3;0.8695818036794662;0.8849206268787384;0.8786287115535875;0.0;1.0;0.0;0.7777777910232544;0.875;0.8333333134651184;0.6000000238418579;0.7222222089767456
102120;105349;1;0.7797348350286484;0.7797348350286484;0.7797348350286484;0.0;1.0;0.0;0.8333333134651184;0.7272727489471436;0.8181818127632141;0.75;0.7222222089767456
102120;107056;1;0.7906746119260788;0.7906746119260788;0.7906746119260788;0.0;1.0;0.0;0.5833333730697632;0.875;0.6111111044883728;0.8333333134651184;0.7777777910232544
105349;107056;2;0.7218238374461299;0.7621753215789795;0.7419995795125547;0.0;1.0;0.0;0.699999988079071;0.7272727489471436;0.5555555820465088;0.8181818127632141;0.7777777910232544
6413;7975;5;0.8457222917805547;1.0;0.9443415887977766;1.0;0.8666666746139526;1.0;1.0;1.0;0.9285714030265808;0.4871794581413269;0.4736841917037964
5360;8430;6;0.8783824910288272;0.9233134997387729;0.9042162329300446;1.0;0.811904788017273;1.0;0.8461538553237915;0.9545454382896423;0.9090908765792847;0.800000011920929;1.0
105148;105760;1;0.7460698932409286;0.7460698932409286;0.7460698932409286;0.0;1.0;0.0;0.8461538553237915;0.5416666269302368;0.5882352590560913;0.5789473652839661;0.42307692766189575
100708;105148;1;0.8330107182264328;0.8330107182264328;0.8330107182264328;0.0;1.0;0.0;0.7857142686843872;0.8333333134651184;0.5454545021057129;0.47826087474823;0.3461538553237915
105148;105156;1;0.8309295177459717;0.8309295177459717;0.8309295177459717;0.0;1.0;0.0;0.7692307829856873;0.7083333730697632;0.5882352590560913;0.45454543828964233;0.692307710647583
104500;105148;1;0.7701389044523239;0.7701389044523239;0.7701389044523239;0.0;1.0;0.0;0.692307710647583;0.5833333730697632;0.5;0.75;0.7307692170143127
102514;105148;1;0.808600440621376;0.808600440621376;0.808600440621376;0.0;1.0;0.0;0.8461538553237915;0.5833333730697632;0.5789473652839661;0.3636363744735718;0.23076921701431274
100708;105760;1;0.7250180393457413;0.7250180393457413;0.7250180393457413;0.0;1.0;0.0;0.8571428656578064;0.5909091234207153;0.6363636255264282;0.782608687877655;0.8181818127632141
105156;105760;1;0.8015872985124588;0.8015872985124588;0.8015872985124588;0.0;1.0;0.0;0.8333333134651184;0.6666666269302368;0.7647058963775635;0.7727272510528564;0.5789473652839661
104500;105760;1;0.7545634806156158;0.7545634806156158;0.7545634806156158;0.0;1.0;0.0;0.6666666269302368;0.8571428656578064;0.3529411554336548;0.6315789222717285;0.550000011920929
102514;105760;1;0.8245039582252502;0.8245039582252502;0.8245039582252502;0.0;1.0;0.0;0.75;0.9285714030265808;0.7894736528396606;0.21052628755569458;0.5454545021057129
100708;105156;1;0.7723214328289032;0.7723214328289032;0.7723214328289032;0.0;1.0;0.0;0.7142857313156128;0.7272727489471436;0.7727272510528564;0.8260869383811951;0.4736841917037964
100708;104500;1;0.7963925004005432;0.7963925004005432;0.7963925004005432;0.0;1.0;0.0;0.7857142686843872;0.5909091234207153;0.27272725105285645;0.52173912525177;0.44999998807907104
100708;102514;1;0.8100559264421463;0.8100559264421463;0.8100559264421463;0.0;1.0;0.0;0.8571428656578064;0.6363636255264282;0.8181818127632141;0.17391306161880493;0.5555555820465088
104500;105156;1;0.7715277671813965;0.7715277671813965;0.7715277671813965;0.0;1.0;0.0;0.6666666269302368;0.7222222089767456;0.3529411554336548;0.5454545021057129;0.800000011920929
102514;105156;1;0.7923611104488373;0.7923611104488373;0.7923611104488373;0.0;1.0;0.0;0.75;0.7222222089767456;0.8947368264198303;0.1818181872367859;0.31578946113586426
102514;104500;2;0.8320393406826518;0.8627365678548813;0.8473879542687666;0.0;1.0;0.0;0.8333333134651184;0.8571428656578064;0.31578946113586426;0.3333333134651184;0.30000001192092896
1858;9637;6;1.0;1.0;1.0;1.0;1.0;0.0;1.0;1.0;1.0;1.0;1.0
7094;9189;7;0.9023809432983398;1.0;0.9453499786648321;1.0;0.7071428298950195;1.0;1.0;1.0;1.0;1.0;0.9411764740943909
2139;3296;4;0.8062547704447871;0.9166666567325592;0.8749141149438809;1.0;0.550000011920929;1.0;0.8333333134651184;0.8421052694320679;0.9230769276618958;1.0;0.8823529481887817
10314;2427;3;0.8941337764263153;0.9399671107530594;0.9096443612074507;1.0;0.949999988079071;0.7777778506278992;0.9375;0.9473684430122375;1.0;1.0;1.0
10314;8640;3;0.9333333373069763;1.0;0.9584541087565214;1.0;1.0;0.7777778506278992;1.0;1.0;1.0;1.0;1.0
100500;105518;1;0.8227083832025528;0.8227083832025528;0.8227083832025528;0.0;0.9583333134651184;0.0;0.75;0.800000011920929;0.75;0.0;0.0
6354;8424;3;0.8172619069616;0.9666666686534882;0.9039021241996023;1.0;0.3799999952316284;1.0;1.0;0.9333333373069763;1.0;1.0;0.7142857313156128
8260;8445;4;0.8660104423761368;0.9391865059733392;0.905143484680189;1.0;0.9523809552192688;1.0;0.8125;0.8500000238418579;0.8235294222831726;0.9285714030265808;0.800000011920929
10361;5426;5;0.9033816482709801;1.0;0.9636392946260564;1.0;0.9111111164093018;1.0;1.0;1.0;1.0;1.0;1.0
10361;7869;5;0.9033816482709801;1.0;0.948639295520126;1.0;0.9111111164093018;1.0;1.0;1.0;0.9285714030265808;1.0;0.6000000238418579
3096;3123;3;0.9378882024599158;0.9761904776096344;0.9528410376414008;1.0;0.9555556178092957;0.694444477558136;1.0;1.0;0.96875;1.0;0.949999988079071
103069;109651;1;0.8053935468196869;0.8053935468196869;0.8053935468196869;0.0;0.949999988079071;0.0;0.6190476417541504;0.800000011920929;0.47826087474823;0.2799999713897705;0.625
3757;6377;4;0.8207005780676138;0.9364434455831846;0.8779242907151364;1.0;0.8074285387992859;1.0;0.800000011920929;0.8421052694320679;1.0;1.0;0.875
100446;103815;1;0.8082079142332077;0.8082079142332077;0.8082079142332077;0.0;1.0;0.0;0.800000011920929;0.695652186870575;0.8823529481887817;0.7272727489471436;0.7083333730697632
11423;11538;3;0.8250612753132979;0.9799999892711639;0.9125299946301513;1.0;0.7250000238418579;1.0;1.0;0.9599999785423279;1.0;0.37254899740219116;1.0
2366;2367;3;0.8708333373069763;0.8710145017375117;0.8708937254504882;1.0;0.8755555152893066;1.0;0.7333333492279053;0.8999999761581421;0.8999999761581421;0.0952380895614624;0.25
102670;104343;2;0.843137238336646;0.9421568661928177;0.8926470522647318;0.0;1.0;0.0;1.0;1.0;0.949999988079071;1.0;1.0
10119;7664;4;0.8753235042095184;0.9502164435883363;0.9279293007113868;1.0;0.9928571581840515;1.0;0.9047619104385376;0.875;1.0;0.8333333134651184;0.9090908765792847
10320;7581;4;0.8107246315997582;0.9333333373069763;0.8869565255076126;1.0;0.7888889312744141;1.0;0.9200000166893005;0.8666666746139526;1.0;0.9090908765792847;0.8636363744735718
6992;7802;3;0.8275556614001592;0.9037864208221436;0.8604818702751889;1.0;0.8500000238418579;1.0;0.7333333492279053;1.0;0.5882352590560913;0.615384578704834;0.6315789222717285
8364;8526;5;0.8064182322958242;1.0;0.9404503078276409;1.0;1.0;1.0;0.9285714030265808;1.0;1.0;1.0;1.0
2771;5458;4;0.915178582072258;1.0;0.9712714937825998;1.0;1.0;1.0;0.9583333134651184;1.0;1.0;1.0;1.0
10293;7599;2;0.8037795573472977;0.8911210236450037;0.8474502904961507;1.0;0.7666666507720947;1.0;0.6363636255264282;0.7692307829856873;0.1764705777168274;0.75;0.9285714030265808
4108;7977;6;0.9168608151376247;1.0;0.950918769409907;1.0;0.9222221970558167;1.0;1.0;1.0;1.0;0.9333333373069763;0.7096774578094482
5542;6695;5;0.8939740554146145;0.9652777860562006;0.9354712343014381;1.0;0.8333333730697632;1.0;0.9166666865348816;1.0;1.0;1.0;1.0
2187;2418;6;1.0;1.0;1.0;1.0;1.0;0.0;1.0;1.0;1.0;1.0;1.0
7288;7483;6;0.9154589357583419;1.0;0.9859098226263904;1.0;1.0;1.0;1.0;1.0;1.0;1.0;1.0
5664;8717;6;0.8418972284897513;1.0;0.9736495380816251;1.0;1.0;1.0;1.0;1.0;1.0;1.0;1.0
9327;9412;6;0.8737727947857069;1.0;0.9773996320917554;1.0;1.0;1.0;1.0;1.0;0.6499999761581421;1.0;0.949999988079071
5010;5205;6;0.8251970565837363;0.9463937679926554;0.9194309809807563;1.0;1.0;0.9444444179534912;0.8421052694320679;0.9166666865348816;0.8125;0.8709677457809448;0.8333333134651184
6919;8060;5;0.9003623102022253;1.0;0.9594537719868231;1.0;0.8999999761581421;1.0;1.0;1.0;1.0;1.0;1.0
2188;8063;5;0.9202898403872615;1.0;0.9636462005152218;1.0;0.9599999785423279;1.0;1.0;1.0;1.0;1.0;0.8823529481887817
104097;109733;1;0.9186813235282898;0.9186813235282898;0.9186813235282898;0.0;0.9833333492279053;0.5555555820465088;1.0;0.8461538553237915;0.95652174949646;0.8333333134651184;0.9444444179534912
100856;107734;2;0.8427559759305872;0.8820346295833588;0.862395302756973;0.0;1.0;0.0;0.9090908765792847;0.7857142686843872;0.5833333730697632;0.4444444179534912;0.375
100856;105349;2;0.7227790200191996;0.8176406770944595;0.7702098485568296;0.0;1.0;0.0;0.8181818127632141;0.7857142686843872;0.75;0.3055555820465088;0.8888888955116272
105349;107734;2;0.8142292188561482;0.886363610625267;0.8502964147407076;0.0;1.0;0.0;0.9090908765792847;0.8181818127632141;0.699999988079071;0.625;0.3333333134651184
100558;107734;2;0.7422193910764612;0.7694804966449738;0.7558499438607175;0.0;1.0;0.0;0.5454545021057129;0.7142857313156128;0.699999988079071;0.8333333134651184;0.4615384340286255
100558;105349;2;0.6610289967578391;0.7376623451709747;0.6993456709644069;0.0;1.0;0.0;0.6000000238418579;0.7142857313156128;1.0;0.6111111044883728;0.7222222089767456
108408;108563;2;0.8260869539302328;1.0;0.9130434769651163;0.0;1.0;0.4444444477558136;1.0;1.0;0.8591549396514893;0.15625;0.20689654350280762
101564;108252;2;0.8680124153261599;0.9821428507566452;0.9250776330414026;0.0;1.0;0.5555555820465088;1.0;0.9285714030265808;1.0;0.22033900022506714;1.0
3086;3215;2;0.8829431378323099;1.0;0.941471568916155;1.0;1.0;0.694444477558136;1.0;1.0;1.0;1.0;1.0
109732;109743;1;0.8916666656732559;0.8916666656732559;0.8916666656732559;0.0;1.0;0.0;0.8999999761581421;0.800000011920929;0.2666666507720947;0.3529411554336548;0.6470588445663452
8306;8663;2;0.8030303094698035;0.9666666686534882;0.8848484890616458;1.0;1.0;0.6666666865348816;1.0;1.0;1.0;1.0;1.0
2004;3710;5;1.0;1.0;1.0;1.0;1.0;0.0;1.0;1.0;1.0;1.0;1.0
102987;107521;1;0.8541666567325592;0.8541666567325592;0.8541666567325592;0.0;1.0;0.0;0.6666666269302368;0.75;0.4166666865348816;0.4444444179534912;0.75
102666;105709;1;0.9744245558977127;0.9744245558977127;0.9744245558977127;0.0;1.0;0.5555555820465088;0.9411764740943909;0.95652174949646;0.9583333134651184;0.9375;0.9791666865348816
100856;105076;1;0.8065240745959076;0.8065240745959076;0.8065240745959076;0.0;1.0;0.0;0.9090908765792847;0.7857142686843872;0.4166666865348816;0.2222222089767456;0.5625
100856;102477;1;0.6821005033410115;0.6821005033410115;0.6821005033410115;0.0;1.0;0.0;0.6363636255264282;0.7857142686843872;0.75;0.1388888955116272;0.3125
100856;105098;1;0.6640316196109938;0.6640316196109938;0.6640316196109938;0.0;1.0;0.0;0.8181818127632141;0.5;0.5;0.25;0.5
100856;103398;1;0.7223075835601144;0.7223075835601144;0.7223075835601144;0.0;1.0;0.0;0.7272727489471436;0.5714285373687744;0.75;0.1666666865348816;0.8125
100856;104872;1;0.8146527383638466;0.8146527383638466;0.8146527383638466;0.0;1.0;0.0;0.8181818127632141;0.7857142686843872;0.7058823108673096;0.3333333134651184;0.3125
100856;107056;1;0.6914172742677772;0.6914172742677772;0.6914172742677772;0.0;1.0;0.0;0.6363636255264282;0.5714285373687744;0.6666666269302368;0.2777777910232544;0.7777777910232544
102477;105076;1;0.7183794379234315;0.7183794379234315;0.7183794379234315;0.0;1.0;0.0;0.6363636255264282;0.9090908765792847;0.3125;0.625;0.5555555820465088
105076;105098;1;0.7099802390388821;0.7099802390388821;0.7099802390388821;0.0;0.9166666269302368;0.0;0.8181818127632141;0.6363636255264282;0.8333333134651184;0.8888888955116272;0.8888888955116272
103398;105076;1;0.759197323218636;0.759197323218636;0.759197323218636;0.0;1.0;0.0;0.8181818127632141;0.6363636255264282;0.3125;0.75;0.6000000238418579
104872;105076;1;0.811547162740127;0.811547162740127;0.811547162740127;0.0;1.0;0.0;0.8181818127632141;0.9166666865348816;0.29411762952804565;0.6666666269302368;0.5555555820465088
105076;107734;1;0.8438735111899999;0.8438735111899999;0.8438735111899999;0.0;1.0;0.0;0.8181818127632141;0.9090908765792847;0.625;0.5;0.6666666269302368
104310;105076;1;0.7891799470652705;0.7891799470652705;0.7891799470652705;0.0;1.0;0.0;0.47826087474823;0.7857142686843872;0.5;0.47058820724487305;0.4285714030265808
105076;105349;1;0.7450592725173287;0.7450592725173287;0.7450592725173287;0.0;1.0;0.0;0.8181818127632141;0.9090908765792847;0.5;0.7272727489471436;0.5
100558;105076;1;0.7217036744822627;0.7217036744822627;0.7217036744822627;0.0;1.0;0.0;0.5454545021057129;0.7857142686843872;0.5;0.4444444179534912;0.692307710647583
100717;105076;1;0.7244306336278501;0.7244306336278501;0.7244306336278501;0.0;1.0;0.0;0.36666667461395264;0.7333333492279053;0.4166666865348816;0.7272727489471436;0.4736841917037964
105076;107056;1;0.7368718230206034;0.7368718230206034;0.7368718230206034;0.0;1.0;0.0;0.6363636255264282;0.7272727489471436;0.2777777910232544;0.800000011920929;0.5
102477;105098;1;0.7187637272088424;0.7187637272088424;0.7187637272088424;0.0;1.0;0.0;0.7777777910232544;0.6363636255264282;0.375;0.5555555820465088;0.625
102477;103398;1;0.740008786968563;0.740008786968563;0.740008786968563;0.0;1.0;0.0;0.7777777910232544;0.7272727489471436;0.875;0.8333333134651184;0.3333333134651184
102477;104872;1;0.8146135210990906;0.8146135210990906;0.8146135210990906;0.0;1.0;0.0;0.7777777910232544;0.8333333134651184;0.8823529481887817;0.4166666865348816;1.0
102477;107734;1;0.7297430789988975;0.7297430789988975;0.7297430789988975;0.0;1.0;0.0;0.6363636255264282;0.8181818127632141;0.4375;0.3125;0.8333333134651184
102477;104310;1;0.6041722971460094;0.6041722971460094;0.6041722971460094;0.0;1.0;0.0;0.30434781312942505;0.7142857313156128;0.625;0.29411762952804565;0.238095223903656
102477;105349;1;0.6662055357642795;0.6662055357642795;0.6662055357642795;0.0;1.0;0.0;0.699999988079071;0.8181818127632141;0.5625;0.45454543828964233;0.2777777910232544
100558;102477;1;0.7000822036162666;0.7000822036162666;0.7000822036162666;0.0;1.0;0.0;0.8571428656578064;0.7142857313156128;0.5625;0.2777777910232544;0.38461536169052124
100717;102477;1;0.6107142852700276;0.6107142852700276;0.6107142852700276;0.0;1.0;0.0;0.23333334922790527;0.6666666269302368;0.6875;0.45454543828964233;0.2631579041481018
102477;107056;1;0.8003952632779661;0.8003952632779661;0.8003952632779661;0.0;1.0;0.0;1.0;0.7272727489471436;0.8888888955116272;0.5;0.2777777910232544
104872;105098;1;0.7192028968230538;0.7192028968230538;0.7192028968230538;0.0;1.0;0.0;1.0;0.5833333730697632;0.3529411554336548;0.75;0.625
105098;107734;1;0.7099802390388821;0.7099802390388821;0.7099802390388821;0.0;1.0;0.0;0.8181818127632141;0.6363636255264282;0.75;0.5625;0.75
104310;105098;1;0.5781460948612379;0.5781460948612379;0.5781460948612379;0.0;1.0;0.0;0.3913043737411499;0.5;0.6000000238418579;0.529411792755127;0.3809523582458496
100558;105098;1;0.6041133714758832;0.6041133714758832;0.6041133714758832;0.0;1.0;0.0;0.6666666269302368;0.5;0.6000000238418579;0.5;0.615384578704834
100717;105098;1;0.5836438821709675;0.5836438821709675;0.5836438821709675;0.0;1.0;0.0;0.30000001192092896;0.46666663885116577;0.5;0.8181818127632141;0.42105263471603394
103398;104872;1;0.7700138092041016;0.7700138092041016;0.7700138092041016;0.0;1.0;0.0;0.8888888955116272;0.6666666269302368;0.9411764740943909;0.5;0.3333333134651184
103398;107734;1;0.7750076055526735;0.7750076055526735;0.7750076055526735;0.0;1.0;0.0;0.8181818127632141;0.7272727489471436;0.4375;0.375;0.3999999761581421
103398;104310;1;0.6315980890522832;0.6315980890522832;0.6315980890522832;0.0;1.0;0.0;0.3913043737411499;0.5;0.625;0.3529411554336548;0.6666666269302368
100558;103398;1;0.6727279398752296;0.6727279398752296;0.6727279398752296;0.0;1.0;0.0;0.6666666269302368;0.5714285373687744;0.5625;0.3333333134651184;0.8666666746139526
100717;103398;1;0.64336677737858;0.64336677737858;0.64336677737858;0.0;1.0;0.0;0.30000001192092896;0.46666663885116577;0.75;0.5454545021057129;0.6842105388641357
104872;107734;1;0.8281102880187656;0.8281102880187656;0.8281102880187656;0.0;1.0;0.0;0.8181818127632141;0.8333333134651184;0.4117646813392639;0.625;0.8333333134651184
104310;104872;1;0.7326491993406544;0.7326491993406544;0.7326491993406544;0.0;1.0;0.0;0.3913043737411499;0.7857142686843872;0.5882352590560913;0.7058823108673096;0.238095223903656
104872;105349;1;0.720703933549964;0.720703933549964;0.720703933549964;0.0;1.0;0.0;0.8999999761581421;0.8333333134651184;0.5882352590560913;0.75;0.2777777910232544
100558;104872;1;0.7472902121751205;0.7472902121751205;0.7472902121751205;0.0;1.0;0.0;0.6666666269302368;0.8571428656578064;0.5882352590560913;0.6666666269302368;0.38461536169052124
100717;104872;1;0.7387163664983667;0.7387163664983667;0.7387163664983667;0.0;1.0;0.0;0.30000001192092896;0.7333333492279053;0.7058823108673096;0.8333333134651184;0.2631579041481018
104872;107056;1;0.7688060636105745;0.7688060636105745;0.7688060636105745;0.0;1.0;0.0;0.7777777910232544;0.6666666269302368;0.8333333134651184;0.8333333134651184;0.2777777910232544
104310;107734;1;0.7339380824047586;0.7339380824047586;0.7339380824047586;0.0;1.0;0.0;0.47826087474823;0.7142857313156128;0.699999988079071;0.8235294222831726;0.2857142686843872
100717;107734;1;0.7490683223890222;0.7490683223890222;0.7490683223890222;0.0;1.0;0.0;0.36666667461395264;0.6666666269302368;0.5833333730697632;0.625;0.31578946113586426
107056;107734;1;0.7368718230206034;0.7368718230206034;0.7368718230206034;0.0;1.0;0.0;0.6363636255264282;0.7272727489471436;0.3888888955116272;0.625;0.3333333134651184
104310;105349;1;0.6611592484557111;0.6611592484557111;0.6611592484557111;0.0;1.0;0.0;0.43478262424468994;0.7857142686843872;0.800000011920929;0.5882352590560913;0.8095238208770752
104310;107056;1;0.6181474250295889;0.6181474250295889;0.6181474250295889;0.0;1.0;0.0;0.30434781312942505;0.5714285373687744;0.5555555820465088;0.5882352590560913;0.761904776096344
100717;105349;1;0.6293995613637179;0.6293995613637179;0.6293995613637179;0.0;1.0;0.0;0.3333333134651184;0.6666666269302368;0.75;0.9090908765792847;0.8421052694320679
100558;107056;1;0.6923638841380244;0.6923638841380244;0.6923638841380244;0.0;1.0;0.0;0.8571428656578064;0.5714285373687744;0.5555555820465088;0.5555555820465088;0.7222222089767456
100717;107056;1;0.6302277368047964;0.6302277368047964;0.6302277368047964;0.0;1.0;0.0;0.23333334922790527;0.5333333015441895;0.6111111044883728;0.9090908765792847;0.7368420958518982
6562;8870;4;0.8478260895480281;1.0;0.9255849914220364;1.0;0.7833333015441895;1.0;1.0;1.0;1.0;1.0;0.8500000238418579
7540;7542;2;0.8357315063476562;0.8519736900925636;0.8438525982201099;1.0;1.0;1.0;0.8461538553237915;0.20930230617523193;0.6000000238418579;0.5;0.7105263471603394
7542;8823;2;0.8907987864121147;0.9697580710053444;0.9302784287087296;1.0;1.0;1.0;1.0;0.3720930218696594;0.8333333134651184;1.0;0.8387097120285034
105518;109651;1;0.8205840717191282;0.8205840717191282;0.8205840717191282;0.0;1.0;0.0;0.8095238208770752;1.0;0.75;0.0;0.0
101502;103830;1;0.8212560415267945;0.8212560415267945;0.8212560415267945;0.0;1.0;0.0;0.875;0.375;0.625;0.25925928354263306;0.2142857313156128
103830;104396;1;0.8171683290730353;0.8171683290730353;0.8171683290730353;0.0;1.0;0.0;0.615384578704834;0.3333333134651184;0.45454543828964233;0.3333333134651184;0.2857142686843872
101502;104396;1;0.8327759296997733;0.8327759296997733;0.8327759296997733;0.0;1.0;0.0;0.5384615659713745;0.7777777910232544;0.6363636255264282;0.6315789222717285;0.5625
8630;8805;1;0.8828868347665539;0.8828868347665539;0.8828868347665539;1.0;1.0;1.0;0.6296296119689941;0.6969696879386902;0.6071428656578064;0.615384578704834;0.192307710647583
8274;8630;1;0.8828868347665539;0.8828868347665539;0.8828868347665539;1.0;1.0;1.0;0.6296296119689941;0.6969696879386902;0.6071428656578064;0.615384578704834;0.192307710647583
4490;7121;1;0.884057967559151;0.884057967559151;0.884057967559151;1.0;1.0;1.0;0.3333333134651184;1.0;0.20967739820480347;0.10000002384185791;0.2142857313156128
5830;8888;2;0.8101175764332648;0.8963815718889236;0.8532495741610941;1.0;1.0;1.0;0.2666666507720947;0.6415094137191772;0.48571425676345825;0.4736841917037964;0.9736841917037964
5392;9486;1;0.8530581878579181;0.8530581878579181;0.8530581878579181;1.0;0.8761904835700989;0.7555555701255798;0.9354838728904724;1.0;0.875;0.8823529481887817;0.2666666507720947
104289;3710;1;0.7931643257970397;0.7931643257970397;0.7931643257970397;0.0;0.6666666865348816;0.0;0.7599999904632568;0.9090908765792847;0.8181818127632141;0.5;0.7272727489471436
103997;3710;1;0.842486656230429;0.842486656230429;0.842486656230429;0.0;1.0;0.0;0.8333333134651184;0.8333333134651184;0.550000011920929;0.5;0.6875
104289;2004;1;0.7931643257970397;0.7931643257970397;0.7931643257970397;0.0;0.6666666865348816;0.0;0.7599999904632568;0.9090908765792847;0.8181818127632141;0.5;0.7272727489471436
103997;2004;1;0.842486656230429;0.842486656230429;0.842486656230429;0.0;1.0;0.0;0.8333333134651184;0.8333333134651184;0.550000011920929;0.5;0.6875
103997;104289;1;0.8173651565676151;0.8173651565676151;0.8173651565676151;0.0;1.0;0.0;0.7599999904632568;0.9166666865348816;0.5;0.7857142686843872;0.5
10361;6761;2;0.8415458876153697;0.881365733842055;0.8614558107287124;1.0;0.9555555582046509;1.0;0.699999988079071;0.6666666269302368;0.7647058963775635;0.6666666269302368;0.75
5426;6761;2;0.744927509971287;0.8628472164273262;0.8038873631993066;1.0;0.8666666746139526;1.0;0.699999988079071;0.6666666269302368;0.7647058963775635;0.6666666269302368;0.75
6761;7869;2;0.744927509971287;0.8472222089767456;0.7960748594740163;1.0;0.8666666746139526;1.0;0.699999988079071;0.6666666269302368;0.8235294222831726;0.6666666269302368;0.6666666269302368
5371;5959;1;0.8309178663336713;0.8309178663336713;0.8309178663336713;1.0;1.0;1.0;0.9444444179534912;0.08333331346511841;0.1666666865348816;0.0625;0.1499999761581421
8301;9114;1;0.80000000414641;0.80000000414641;0.80000000414641;1.0;1.0;1.0;0.3500000238418579;0.5;0.5357142686843872;0.3500000238418579;0.3333333134651184
100500;103069;1;0.8014032633408257;0.8014032633408257;0.8014032633408257;0.0;1.0;0.0;0.8666666746139526;1.0;0.52173912525177;0.6800000071525574;0.3999999761581421
7460;8578;1;0.8008657901183419;0.8008657901183419;0.8008657901183419;1.0;1.0;0.7777778506278992;0.6428571343421936;0.6666666269302368;0.7916666865348816;0.8333333134651184;0.7058823108673096
6272;8578;1;0.8008657901183419;0.8008657901183419;0.8008657901183419;1.0;1.0;0.7777778506278992;0.6428571343421936;0.6666666269302368;0.7916666865348816;0.8333333134651184;0.7058823108673096
4145;4886;4;0.8588368167047915;1.0;0.9608401567877635;1.0;0.9714285731315613;1.0;1.0;1.0;1.0;1.0;1.0
5776;9008;2;0.8425000049173833;0.8469565225684125;0.8447282637428979;1.0;1.0;1.0;1.0;0.12000000476837158;0.11764705181121826;0.1600000262260437;1.0
100054;105956;1;0.8128019260323567;0.8128019260323567;0.8128019260323567;0.0;1.0;0.0;0.875;0.7777777910232544;0.47058820724487305;0.7058823108673096;0.7142857313156128
103056;105956;1;0.6928916521694349;0.6928916521694349;0.6928916521694349;0.0;1.0;0.0;0.5833333730697632;0.7222222089767456;0.8888888955116272;0.8823529481887817;0.7857142686843872
100446;101480;1;0.8248267044191776;0.8248267044191776;0.8248267044191776;0.0;1.0;0.0;0.8333333134651184;0.8260869383811951;0.7333333492279053;0.45454543828964233;0.5882352590560913
2317;4988;4;0.8096555600995604;0.9875000007450582;0.908127274395727;1.0;1.0;1.0;0.800000011920929;0.9090908765792847;1.0;0.9333333373069763;1.0
4709;4710;2;0.8797101456186046;1.0;0.9398550728093022;1.0;1.0;1.0;0.375;0.9333333373069763;0.3125;1.0;1.0
5574;7562;1;0.8217391345811929;0.8217391345811929;0.8217391345811929;1.0;1.0;1.0;0.8500000238418579;0.125;0.2777777910232544;0.11764705181121826;0.1666666865348816
4975;5889;5;0.9166666567325592;0.9879032261669637;0.9568398996359772;1.0;1.0;1.0;1.0;0.8333333134651184;1.0;1.0;0.9354838728904724
5577;8990;5;0.9427083283662796;0.9861111111111112;0.9643055526746643;1.0;1.0;1.0;1.0;0.9375;1.0;0.8999999761581421;1.0
3475;8592;5;0.9100845555464426;0.9641975429322984;0.9474258644713295;1.0;0.9666666984558105;1.0;0.8888888955116272;1.0;0.8571428656578064;0.644444465637207;0.9130434989929199
4179;4732;4;0.8461538441479207;0.9308642016516792;0.8998100696545508;1.0;1.0;1.0;0.8888888955116272;0.800000011920929;0.5;0.3461538553237915;0.8333333134651184
4179;4911;4;0.8461538441479207;0.9308642016516792;0.8998100696545508;1.0;1.0;1.0;0.8888888955116272;0.800000011920929;0.5;0.3461538553237915;0.8333333134651184
7653;7852;1;0.9380341917276382;0.9380341917276382;0.9380341917276382;1.0;0.75;1.0;0.7777777910232544;1.0;1.0;1.0;0.1764705777168274
7653;8029;1;0.9380341917276382;0.9380341917276382;0.9380341917276382;1.0;0.75;1.0;0.7777777910232544;1.0;1.0;1.0;0.1764705777168274
10383;7653;1;0.9380341917276382;0.9380341917276382;0.9380341917276382;1.0;0.75;1.0;0.7777777910232544;1.0;1.0;1.0;0.1764705777168274
10230;7653;1;0.8913461565971375;0.8913461565971375;0.8913461565971375;1.0;0.7166666984558105;1.0;0.7777777910232544;0.8666666746139526;0.875;1.0;0.1875
6858;7653;1;0.8616744428873062;0.8616744428873062;0.8616744428873062;1.0;0.6166666746139526;1.0;0.7777777910232544;0.8666666746139526;0.875;1.0;0.1764705777168274
10230;7852;5;0.9333333373069763;0.9709967399636904;0.9529742782314617;1.0;0.9666666984558105;1.0;1.0;0.8666666746139526;0.875;1.0;0.8823529481887817
6858;7852;5;0.9247086197137833;0.9611928127706051;0.9339738639692466;1.0;0.8666666746139526;1.0;1.0;0.8666666746139526;0.875;1.0;0.9411764740943909
10230;8029;5;0.9333333373069763;0.9709967399636904;0.9529742782314617;1.0;0.9666666984558105;1.0;1.0;0.8666666746139526;0.875;1.0;0.8823529481887817
6858;8029;5;0.9247086197137833;0.9611928127706051;0.9339738639692466;1.0;0.8666666746139526;1.0;1.0;0.8666666746139526;0.875;1.0;0.9411764740943909
10230;10383;5;0.9333333373069763;0.9592592716217041;0.9485625137885411;1.0;0.9666666984558105;1.0;1.0;0.8666666746139526;0.875;1.0;0.7647058963775635
10383;6858;5;0.9247086197137833;0.9391339905560017;0.929562099526326;1.0;0.8666666746139526;1.0;1.0;0.8666666746139526;0.875;1.0;0.8235294222831726
10230;6858;5;0.938811182975769;1.0;0.9563119920591513;1.0;0.8333333730697632;1.0;1.0;1.0;1.0;1.0;0.9411764740943909
6314;8464;3;0.9193363785743713;0.9375000037252903;0.9283784618256269;1.0;1.0;1.0;0.8947368264198303;0.782608687877655;0.9032257795333862;0.800000011920929;0.8666666746139526
7540;8823;2;0.8667763099074365;0.8745819330215454;0.8706791214644909;1.0;1.0;1.0;0.8461538553237915;0.6521738767623901;0.7200000286102295;0.5;0.7894736528396606
7920;8494;3;0.8906746208667755;0.9907407537102699;0.9370150083193073;1.0;0.9555556178092957;1.0;1.0;0.75;1.0;1.0;1.0
6382;7920;3;0.9375;1.0;0.9606481481481483;1.0;1.0;1.0;1.0;0.75;1.0;1.0;1.0
6382;8494;4;0.9531746208667755;1.0;0.9822751451283693;1.0;0.9555556178092957;1.0;1.0;1.0;1.0;1.0;1.0
7794;8890;3;0.9299242496490479;0.9821428582072258;0.9499258506629201;1.0;1.0;1.0;0.9696969985961914;0.75;1.0;0.9047619104385376;1.0
8890;9063;6;0.9608781971037388;0.9718254059553146;0.966495576625069;1.0;0.9333333373069763;1.0;0.9428571462631226;1.0;0.9166666865348816;0.9523809552192688;0.9130434989929199
6802;8890;6;0.9608781971037388;0.9718254059553146;0.966495576625069;1.0;0.9333333373069763;1.0;0.9428571462631226;1.0;0.9166666865348816;0.9523809552192688;0.9130434989929199
7794;9063;3;0.902182549238205;0.9430210553109646;0.9161260700612157;1.0;0.9333333373069763;1.0;0.9142857193946838;0.75;0.9166666865348816;0.8571428656578064;0.9130434989929199
6802;7794;3;0.902182549238205;0.9430210553109646;0.9161260700612157;1.0;0.9333333373069763;1.0;0.9142857193946838;0.75;0.9166666865348816;0.8571428656578064;0.9130434989929199
9348;9485;5;0.96875;1.0;0.9875;1.0;1.0;1.0;1.0;1.0;0.9411764740943909;1.0;1.0
5477;9076;6;0.9666666686534882;1.0;0.9836419762836562;1.0;1.0;1.0;1.0;0.9333333373069763;1.0;1.0;1.0
5477;8368;6;0.9333333373069763;1.0;0.9672839525673124;1.0;1.0;1.0;1.0;0.8666666746139526;1.0;1.0;1.0
8368;9076;6;0.9666666686534882;1.0;0.9836419762836562;1.0;1.0;1.0;1.0;0.9333333373069763;1.0;1.0;1.0
4419;7644;6;0.96875;1.0;0.9846643518518517;1.0;1.0;1.0;1.0;0.9375;1.0;1.0;1.0
102361;103634;6;0.9516128897666931;0.96370966732502;0.9545250769566606;0.0;1.0;1.0;0.9032257795333862;0.9032257795333862;0.9032257795333862;0.9032257795333862;0.9032257795333862
7123;9038;5;0.9210526347160339;1.0;0.9614035103056165;1.0;1.0;1.0;1.0;0.8421052694320679;0.7857142686843872;1.0;1.0
7980;9790;6;0.9245184784134229;0.9691799150572883;0.9559569109093261;1.0;0.9809524416923523;1.0;0.9375;0.9523809552192688;0.7200000286102295;0.6774193644523621;0.9411764740943909
7604;9790;6;0.8842925156156223;0.9285714328289032;0.9034709600662744;1.0;0.8698412775993347;1.0;0.875;0.8571428656578064;0.6000000238418579;0.6451612710952759;0.8823529481887817
7604;7980;6;0.9279100563791063;0.9523809552192688;0.944866272793324;1.0;0.8888888955116272;1.0;0.9375;0.9047619104385376;0.695652186870575;0.8965517282485962;0.9411764740943909
4441;8151;3;0.9029720276594162;0.9137529134750366;0.9088602376480898;1.0;1.0;1.0;0.8846153616905212;0.7272727489471436;0.8333333134651184;0.75;0.7692307829856873
3670;4441;4;0.9347826242446899;0.9432367218865289;0.938956832099292;1.0;1.0;1.0;0.8695652484893799;0.875;0.800000011920929;0.8888888955116272;0.800000011920929
3670;8151;3;0.8513986021280289;0.8679098685582479;0.8615643572476176;1.0;1.0;1.0;0.7692307829856873;0.6363636255264282;0.6666666269302368;0.6666666269302368;0.615384578704834
7515;8151;3;0.8954326957464219;0.9137529134750366;0.9040525456269582;1.0;1.0;1.0;0.8846153616905212;0.7272727489471436;0.7777777910232544;0.75;0.692307710647583
3670;7515;4;0.9347826242446899;0.9604166634380817;0.9436443304229114;1.0;1.0;1.0;0.8695652484893799;0.875;0.8666666746139526;0.8888888955116272;0.8999999761581421
7161;8131;5;0.8050072975456715;1.0;0.9461866416037082;1.0;0.9166666269302368;1.0;1.0;1.0;1.0;0.05263155698776245;1.0
2813;3155;6;0.9653679579496384;0.9761904776096344;0.9704600568446847;1.0;0.9333333373069763;1.0;0.9523809552192688;1.0;1.0;0.9444444179534912;1.0
5835;9278;4;0.9583333283662796;1.0;0.9791666641831398;1.0;1.0;1.0;1.0;1.0;1.0;0.3333333134651184;0.35555553436279297
6358;9694;6;0.9615384638309479;0.9895833308498064;0.9711766859723462;1.0;0.949999988079071;1.0;0.9230769276618958;1.0;1.0;1.0;1.0
5025;9863;2;0.8958333283662796;0.9761904776096344;0.936011902987957;1.0;0.8857142925262451;1.0;0.75;0.8999999761581421;0.8888888955116272;1.0;1.0
2807;7064;6;0.9807692319154739;1.0;0.9925213679671288;1.0;1.0;1.0;1.0;1.0;1.0;1.0;1.0
7363;8118;6;0.9545454382896423;1.0;0.9776935947162134;1.0;1.0;1.0;1.0;0.9090908765792847;0.7058823108673096;1.0;1.0
6922;9161;4;0.9000000059604645;0.9531250000000001;0.9182054946819941;1.0;1.0;1.0;0.8181818127632141;0.800000011920929;0.7142857313156128;0.75;1.0
2427;8640;6;0.9555921107530594;0.9895833308498064;0.9646777550655382;1.0;0.949999988079071;1.0;0.9375;0.9473684430122375;1.0;1.0;1.0
3159;9969;5;0.9895833432674408;0.9953703747855293;0.9938657465908263;1.0;1.0;1.0;1.0;0.9791666865348816;0.9736841917037964;0.3571428656578064;0.5352112650871277
7859;9798;6;0.9615384638309479;0.9829059839248657;0.9756106516967217;1.0;1.0;1.0;1.0;0.9230769276618958;0.8421052694320679;0.8235294222831726;1.0
7037;7237;5;0.9172692232661777;0.958270013332367;0.9411260114775765;1.0;0.8571428656578064;1.0;0.9302325248718262;0.9117646813392639;1.0;0.936170220375061;1.0
10301;6246;5;0.9285714328289032;0.9733455926179887;0.9597484856843949;1.0;1.0;1.0;1.0;0.8571428656578064;1.0;0.9411764740943909;0.9166666865348816
5238;8297;5;0.9258741272820367;0.956002339720726;0.9399388081497616;1.0;0.8545454740524292;1.0;1.0;0.8846153616905212;1.0;0.7727272510528564;1.0
6663;6665;6;0.9545454382896423;0.9901315830647947;0.9760488585603458;1.0;1.0;1.0;0.9090908765792847;1.0;1.0;1.0;0.9473684430122375
4895;9209;5;0.9285714328289032;1.0;0.9650793671607971;1.0;1.0;1.0;1.0;0.8571428656578064;0.7272727489471436;1.0;1.0
10449;6162;4;0.9375;1.0;0.9709821436554193;1.0;1.0;1.0;1.0;1.0;1.0;1.0;0.7142857313156128
7622;8349;4;0.9117647111415863;0.9882812500000001;0.9457456154955758;1.0;1.0;1.0;0.9285714030265808;0.8235294222831726;0.9545454382896423;1.0;0.9375
4586;7633;6;0.9464646312925551;0.9625668376684189;0.9561045400936293;1.0;0.8999999761581421;1.0;1.0;0.9090908765792847;0.6000000238418579;0.875;0.9583333134651184
10240;7367;6;0.9666666686534882;0.9851851860682169;0.9805169755385982;1.0;1.0;1.0;0.9333333373069763;1.0;1.0;0.8999999761581421;1.0
3192;7923;5;0.949999988079071;1.0;0.9755555497275459;1.0;1.0;1.0;0.8999999761581421;1.0;1.0;1.0;1.0
4395;8725;5;0.9444444477558136;0.9843750037252904;0.9600848794811302;1.0;1.0;1.0;0.8888888955116272;0.9333333373069763;1.0;1.0;0.9166666865348816
6948;7365;6;0.9523809552192688;0.9869791666666666;0.9665445884068807;1.0;0.9375;1.0;1.0;0.9047619104385376;1.0;1.0;1.0
6925;6926;6;0.9791666716337204;1.0;0.9858092851936817;1.0;0.9555556178092957;1.0;1.0;1.0;0.9655172228813171;1.0;0.970588207244873
6102;9115;4;0.9444444477558136;1.0;0.9861111119389534;1.0;1.0;1.0;1.0;1.0;0.9523809552192688;1.0;1.0
7525;8995;2;0.8812499940395355;0.9695616774260998;0.9254058357328176;1.0;1.0;1.0;0.625;0.8999999761581421;0.8571428656578064;0.9285714030265808;0.9090908765792847
9333;9450;6;0.984375;1.0;0.9939236119389534;1.0;1.0;1.0;1.0;1.0;1.0;1.0;1.0
8609;9130;5;0.9500000029802322;1.0;0.9785000003874302;1.0;1.0;0.9444444179534912;1.0;1.0;1.0;0.9599999785423279;1.0
4843;8794;5;0.9333333373069763;1.0;0.9674074093500774;1.0;1.0;1.0;1.0;0.8666666746139526;1.0;1.0;1.0
11150;8901;5;0.9659090936183929;1.0;0.9863636374473572;1.0;1.0;1.0;1.0;1.0;1.0;1.0;1.0
9421;9489;5;0.949999988079071;1.0;0.9755555497275459;1.0;1.0;1.0;1.0;0.8999999761581421;1.0;1.0;1.0
6740;9193;6;0.9546130970120431;1.0;0.9824996180832386;1.0;0.9750000238418579;1.0;1.0;1.0;0.8235294222831726;0.7857142686843872;1.0
10000;8664;3;0.8965277820825577;0.9517663046717644;0.9237111986235336;1.0;1.0;1.0;0.875;0.7777777910232544;0.8285714387893677;0.9166666865348816;0.8260869383811951
6944;9868;6;0.9607142880558969;0.9841269784503512;0.9759259200482457;1.0;1.0;1.0;1.0;0.9285714030265808;0.9166666865348816;0.8571428656578064;0.9333333373069763
8344;9229;5;0.9583333283662796;1.0;0.9781376297275226;1.0;0.9666666984558105;1.0;1.0;1.0;1.0;1.0;0.8500000238418579
2823;4684;4;0.9139576852321625;0.9479166641831399;0.9266040616979202;1.0;1.0;1.0;0.8421052694320679;0.8333333134651184;0.8947368264198303;0.8333333134651184;0.8888888955116272
3539;4190;6;0.96875;1.0;0.9846643518518517;1.0;1.0;1.0;1.0;0.9375;1.0;1.0;1.0
4348;7170;5;0.9030193156666226;0.9635416641831398;0.9305930761827362;1.0;0.824999988079071;1.0;0.8260869383811951;1.0;1.0;1.0;1.0
3792;8891;3;0.8940972288449606;0.9010869562625885;0.8983947303560046;1.0;0.9166666865348816;1.0;0.800000011920929;0.8333333134651184;0.7692307829856873;0.75;0.7777777910232544
4184;6950;3;0.863591268658638;0.9283854179084302;0.9011321496908312;1.0;0.9750000238418579;1.0;0.75;0.8888888955116272;0.3333333134651184;0.8333333134651184;0.8125
3529;4114;6;0.9761904776096344;1.0;0.9883156973454686;1.0;1.0;1.0;1.0;0.9523809552192688;1.0;1.0;1.0
3383;6969;4;0.9000000059604645;0.9861111119389534;0.9353039366089635;1.0;0.9333333373069763;1.0;0.800000011920929;0.9642857313156128;0.9333333373069763;1.0;1.0
2406;7291;6;0.9874999970197678;1.0;0.9937499985098839;1.0;1.0;1.0;1.0;1.0;0.8823529481887817;1.0;1.0
2577;2581;6;0.8437500037252904;0.9851851860682169;0.9576003102378713;1.0;1.0;1.0;1.0;0.9333333373069763;0.1666666865348816;0.1666666865348816;1.0
100170;100358;5;0.8500000089406967;0.9555555582046509;0.9277777820825577;0.0;1.0;1.0;0.9333333373069763;0.8666666746139526;0.8666666746139526;0.6000000238418579;0.6000000238418579
11455;5289;2;0.8642534017562866;0.8645833358168602;0.8644183687865734;1.0;1.0;1.0;0.7647058963775635;0.692307710647583;0.4285714030265808;0.7777777910232544;0.5
10061;3517;6;0.9632812514901161;0.9876543151007758;0.9802485148387926;1.0;1.0;1.0;0.9444444179534912;1.0;0.8999999761581421;0.9375;0.8666666746139526
5394;5418;6;0.9687499962747098;1.0;0.986979166045785;1.0;1.0;1.0;1.0;1.0;1.0;0.8333333134651184;1.0
4613;6116;6;0.9736714959144592;0.9895833308498064;0.9799869188831911;1.0;0.949999988079071;1.0;0.95652174949646;1.0;1.0;1.0;1.0
2619;6174;5;0.9375;1.0;0.9694444444444444;1.0;1.0;1.0;0.875;1.0;1.0;1.0;1.0
9588;9811;5;0.9375;0.9722222222222222;0.9631944436993864;1.0;1.0;1.0;1.0;0.875;1.0;1.0;0.8333333134651184
7344;8291;3;0.9046875014901161;0.9254385895199246;0.9154148347399853;1.0;1.0;1.0;0.7894736528396606;0.875;0.800000011920929;0.8666666746139526;0.625
6547;6741;4;0.9000000059604645;0.9443681351840496;0.9290483828840984;1.0;1.0;1.0;0.9285714030265808;0.800000011920929;0.8571428656578064;0.8571428656578064;0.8461538553237915
4384;5657;5;1.0;1.0;1.0;1.0;1.0;1.0;1.0;1.0;1.0;0.14814811944961548;0.3333333134651184
7201;8536;5;1.0;1.0;1.0;1.0;1.0;1.0;1.0;1.0;1.0;0.0;0.06666666269302368
103676;108771;1;0.7598535977303982;0.7598535977303982;0.7598535977303982;0.0;0.6499999761581421;1.0;0.08571428060531616;0.21875;0.1428571343421936;0.10810810327529907;1.0
101613;108771;1;0.8511029444634916;0.8511029444634916;0.8511029444634916;0.0;1.0;1.0;0.17142856121063232;0.14035087823867798;0.10526317358016968;0.20588237047195435;1.0
104424;108771;1;0.7345045022666454;0.7345045022666454;0.7345045022666454;0.0;0.5040000081062317;1.0;0.1666666865348816;0.0952380895614624;0.1428571343421936;0.13513511419296265;1.0
101613;103676;1;0.710171565413475;0.710171565413475;0.710171565413475;0.0;0.3499999940395355;1.0;0.19354838132858276;0.19298243522644043;0.10526317358016968;0.1764705777168274;1.0
103676;104424;1;0.8186011885603269;0.8186011885603269;0.8186011885603269;0.0;0.875;1.0;0.125;0.1875;0.2571428418159485;0.17142856121063232;1.0
101613;104424;1;0.842830877751112;0.842830877751112;0.842830877751112;0.0;1.0;1.0;0.1875;0.14035087823867798;0.13157892227172852;0.16176468133926392;1.0
4441;7769;2;0.9259259303410848;1.0;0.9629629651705425;1.0;0.644444465637207;1.0;1.0;1.0;1.0;1.0;1.0
7769;8151;1;0.8357817021509012;0.8357817021509012;0.8357817021509012;1.0;0.644444465637207;1.0;0.8846153616905212;0.7272727489471436;0.8333333134651184;0.75;0.7692307829856873
3670;7769;2;0.867592600484689;0.9347826242446899;0.9011876123646895;1.0;0.644444465637207;1.0;0.8695652484893799;0.875;0.800000011920929;0.8888888955116272;0.800000011920929
7515;7769;2;0.9071759258707365;1.0;0.9535879629353683;1.0;0.644444465637207;1.0;1.0;1.0;0.9333333373069763;1.0;0.8999999761581421
101462;104009;1;0.7517231230934461;0.7517231230934461;0.7517231230934461;0.0;0.9111111164093018;1.0;0.09677422046661377;0.02499997615814209;0.07499998807907104;0.2881355881690979;0.4864864945411682
101462;109714;1;0.8040937669575214;0.8040937669575214;0.8040937669575214;0.0;1.0;1.0;0.1860465407371521;0.574999988079071;0.7878787517547607;0.4067796468734741;0.5483871102333069
101462;109608;1;0.8248471803963185;0.8248471803963185;0.8248471803963185;0.0;1.0;1.0;0.6976743936538696;0.44999998807907104;0.7027027010917664;0.508474588394165;0.5573770403862
104009;109714;1;0.8023473471403122;0.8023473471403122;0.8023473471403122;0.0;1.0;1.0;0.0;0.04166668653488159;0.050000011920928955;0.6071428656578064;0.33870965242385864
104009;109608;1;0.7895491756498815;0.7895491756498815;0.7895491756498815;0.0;1.0;1.0;0.12903225421905518;0.05263155698776245;0.050000011920928955;0.5333333015441895;0.3442623019218445
109608;109714;1;0.926209680736065;0.926209680736065;0.926209680736065;0.0;1.0;1.0;0.20512819290161133;0.7083333730697632;0.7567567825317383;0.800000011920929;0.8064516186714172
6798;9068;1;0.8619791679084301;0.8619791679084301;0.8619791679084301;1.0;0.3375000059604645;1.0;0.5909091234207153;0.7647058963775635;0.8181818127632141;1.0;1.0
8370;9876;2;0.9206871427595616;0.9666666686534882;0.9436769057065248;1.0;0.6666666865348816;1.0;0.9333333373069763;1.0;0.9473684430122375;1.0;0.9473684430122375
11531;3134;2;0.8692982469995818;1.0;0.9346491234997909;1.0;0.41999998688697815;1.0;1.0;1.0;1.0;1.0;0.9473684430122375
3134;6210;2;0.8882797372837863;1.0;0.9441398686418931;1.0;0.5111111402511597;1.0;1.0;1.0;1.0;1.0;0.9473684430122375
11531;6210;2;0.8500000002483526;1.0;0.9250000001241763;1.0;0.2800000011920929;1.0;1.0;1.0;1.0;1.0;1.0
102629;105682;1;0.8072916641831398;0.8072916641831398;0.8072916641831398;0.0;1.0;1.0;0.1944444179534912;0.1666666865348816;0.22857141494750977;0.2222222089767456;0.75
107994;108153;1;0.8829410212735336;0.8829410212735336;0.8829410212735336;0.0;0.591688334941864;1.0;0.22857141494750977;0.260869562625885;0.19999998807907104;0.8571428656578064;0.9722222089767456
5780;5782;2;0.899999996026357;1.0;0.9499999980131786;1.0;0.5199999809265137;1.0;1.0;1.0;1.0;1.0;1.0
7199;8683;1;0.8492943644523621;0.8492943644523621;0.8492943644523621;1.0;1.0;1.0;0.4390243887901306;0.29545456171035767;0.15555554628372192;0.6129032373428345;0.5833333730697632
4178;8683;1;0.8492943644523621;0.8492943644523621;0.8492943644523621;1.0;1.0;1.0;0.4390243887901306;0.29545456171035767;0.15555554628372192;0.6129032373428345;0.5833333730697632
100832;109238;1;0.8374999966472387;0.8374999966472387;0.8374999966472387;0.0;0.2199999839067459;1.0;0.5;0.5;0.5;1.0;1.0
103232;109238;1;0.81666665772597;0.81666665772597;0.81666665772597;0.0;0.7200000286102295;1.0;0.3333333134651184;0.3333333134651184;0.3333333134651184;0.6666666269302368;0.6666666269302368
100832;103232;1;0.7138227391988039;0.7138227391988039;0.7138227391988039;0.0;0.22634921967983246;1.0;0.6666666269302368;0.6666666269302368;0.6666666269302368;0.6666666269302368;0.6666666269302368
1838;7934;1;1.0;1.0;1.0;1.0;1.0;1.0;1.0;0.523809552192688;1.0;1.0;1.0
6944;7731;3;0.9000000059604645;0.9285714361402724;0.9143518601302748;1.0;0.9666666984558105;1.0;0.800000011920929;0.9285714030265808;0.9166666865348816;0.7142857313156128;0.8666666746139526
7731;9868;3;0.7559083104133606;0.9000000059604645;0.8229424009720484;1.0;0.49629634618759155;1.0;0.800000011920929;0.8571428656578064;0.8333333134651184;0.761904776096344;0.800000011920929
3395;5122;2;0.8632936552166939;1.0;0.9316468276083469;1.0;0.3438095450401306;1.0;1.0;1.0;1.0;1.0;1.0
6756;8537;3;0.9441269569926791;0.9642857015132904;0.9541931043344515;1.0;0.8799999356269836;1.0;1.0;0.9285714030265808;1.0;0.8888888955116272;1.0
4588;4774;1;0.9523809552192688;0.9523809552192688;0.9523809552192688;1.0;1.0;1.0;0.6666666269302368;0.25;0.0;0.8571428656578064;0.8888888955116272
7192;7778;3;1.0;1.0;1.0;1.0;1.0;1.0;1.0;1.0;1.0;1.0;1.0
5746;8097;1;0.8343750014901162;0.8343750014901162;0.8343750014901162;1.0;1.0;1.0;0.5;0.2571428418159485;0.75;0.5666666626930237;0.550000011920929
109040;109732;1;0.7252696057160696;0.7252696057160696;0.7252696057160696;0.0;0.8999999761581421;1.0;0.5357142686843872;0.19512194395065308;0.05128204822540283;0.20588237047195435;0.4399999976158142
103832;109732;1;0.8262061439454557;0.8262061439454557;0.8262061439454557;0.0;1.0;1.0;0.44999998807907104;0.75;0.19999998807907104;0.3888888955116272;0.6842105388641357
103832;109040;1;0.8127205893397331;0.8127205893397331;0.8127205893397331;0.0;1.0;1.0;0.2142857313156128;0.24390244483947754;0.10256409645080566;0.44117647409439087;0.5600000023841858
100810;105094;1;0.8437500037252903;0.8437500037252903;0.8437500037252903;0.0;1.0;1.0;0.2142857313156128;1.0;1.0;1.0;0.1666666865348816
104632;105815;1;0.890131591508786;0.890131591508786;0.890131591508786;0.0;0.5200000405311584;1.0;0.9230769276618958;0.0;0.08333331346511841;0.9473684430122375;1.0
10312;9807;2;0.8675231536229452;1.0;0.9337615768114726;1.0;0.43611112236976624;1.0;1.0;1.0;1.0;0.9200000166893005;1.0
6506;6952;2;0.859375;0.904338624742296;0.881856812371148;1.0;1.0;1.0;0.8095238208770752;0.7599999904632568;0.800000011920929;0.4166666865348816;0.8333333134651184
5185;7072;1;1.0;1.0;1.0;1.0;1.0;1.0;1.0;0.0;1.0;1.0;1.0
103548;106936;1;0.8487103146811328;0.8487103146811328;0.8487103146811328;0.0;0.4238095283508301;1.0;0.10526317358016968;0.07692307233810425;0.06666666269302368;0.8333333134651184;1.0
1884;9542;2;0.9297839535607232;0.9527972005307674;0.9412905770457454;1.0;1.0;1.0;0.7777777910232544;0.90625;0.7692307829856873;0.8846153616905212;0.8636363744735718
104633;105276;1;0.8145833251376947;0.8145833251376947;0.8145833251376947;0.0;0.6800000071525574;0.7777778506278992;0.125;0.5714285373687744;0.5;0.699999988079071;0.6666666269302368
1818;7075;1;0.8727430552244186;0.8727430552244186;0.8727430552244186;1.0;0.8791666626930237;1.0;0.75;0.75;0.7352941036224365;0.7333333492279053;0.7222222089767456
5204;7514;2;0.8819444452722868;1.0;0.9409722226361434;1.0;0.4333333373069763;1.0;1.0;1.0;0.8235294222831726;1.0;1.0
11006;11008;2;0.8472222251196703;1.0;0.9236111125598352;1.0;0.2666666805744171;1.0;1.0;1.0;1.0;1.0;1.0
2890;2891;2;0.90972222139438;1.0;0.95486111069719;1.0;0.5666666626930237;1.0;1.0;1.0;1.0;1.0;1.0
2026;4601;2;0.9077381007373333;1.0;0.9538690503686666;1.0;0.6000000238418579;1.0;1.0;1.0;1.0;0.9523809552192688;1.0
10578;10628;1;0.803540421028932;0.803540421028932;0.803540421028932;1.0;0.8083333373069763;1.0;0.6666666269302368;0.31707316637039185;0.5161290168762207;0.5714285373687744;0.59375
106803;107918;1;1.0;1.0;1.0;0.0;0.4950000047683716;1.0;1.0;1.0;1.0;0.0;0.07142859697341919
105016;107434;1;1.0;1.0;1.0;0.0;0.18611110746860504;1.0;1.0;1.0;0.3333333134651184;0.1111111044883728;0.238095223903656
109053;109245;1;1.0;1.0;1.0;0.0;0.33714285492897034;1.0;1.0;1.0;1.0;0.12903225421905518;0.17391306161880493
109532;109725;1;0.9444444477558136;0.9444444477558136;0.9444444477558136;0.0;0.3047619163990021;1.0;0.8999999761581421;0.8888888955116272;0.1904761791229248;0.22580647468566895;0.18965518474578857
109296;109299;1;0.9245283007621765;0.9245283007621765;0.9245283007621765;0.0;0.8452380895614624;1.0;0.849056601524353;0.8510638475418091;0.6833333373069763;0.418181836605072;0.5192307829856873
103350;104042;1;0.9210526347160339;0.9210526347160339;0.9210526347160339;0.0;0.46666669845581055;1.0;0.9166666865348816;0.8421052694320679;0.8823529481887817;0.17142856121063232;0.09090906381607056
10785;10833;1;0.949999988079071;0.949999988079071;0.949999988079071;1.0;0.23999999463558197;1.0;1.0;0.8999999761581421;1.0;0.9473684430122375;0.1458333134651184
