673321;conf/vldb/PoosalaI96;0.7288369238376617;
673484;conf/vldb/GardarinGT96;0.7288369238376617;
673135;conf/vldb/HoelS95;0.7288369238376617;
672977;conf/vldb/KemperK94;0.7288369238376617;
671342;journals/vldb/SheikholeslamiCZ00;0.6579709947109222;
767145;journals/vldb/ChangG01;0.8356010317802429;
673491;conf/vldb/ShaferAM96;0.7288369238376617;
672029;conf/vldb/CuiW01;0.7288369238376617;
671873;conf/vldb/Bar-YossefBCFW00;0.7288369238376617;
673475;conf/vldb/BertinoBFS96;0.7288369238376617;
671496;conf/vldb/ChenCFGJMTW99;0.7288369238376617;
672999;conf/vldb/Bernstein94;0.7288369238376617;
672041;conf/vldb/LuoN01;0.7288369238376617;
945737;journals/sigmod/PitouraAPSV03;0.8613249361515045;
672998;conf/vldb/ZemankovaI94;0.7288369238376617;
671016;conf/vldb/BerckenSW97;0.7288369238376617;
673477;conf/vldb/LabioG96;0.7288369238376617;
673498;conf/vldb/CochranePM96;0.7288369238376617;
767093;journals/vldb/SaltenisJ02;0.8356010317802429;
672984;conf/vldb/OzdenBRS94;0.7288369238376617;
671661;conf/vldb/NinkHR99;0.7288369238376617;
564737;conf/sigmod/WangWYY02;0.806350827217102;
673492;conf/vldb/Sheth96;0.7288369238376617;
959073;journals/sigmod/GerlaX03;0.8613249361515045;
672997;conf/vldb/PirotteZMY94;0.7288369238376617;
375720;conf/sigmod/TatarinovIHW01;0.806350827217102;
672374;conf/vldb/AnSVKIG01;0.7288369238376617;
671528;conf/vldb/Graefe99;0.7288369238376617;
564754;conf/sigmod/Weininger02;0.806350827217102;
758380;conf/vldb/ChristopheBPV00;0.7288369238376617;
671501;conf/vldb/JagadishKNS99;0.7288369238376617;
673169;conf/vldb/GardarinGT95;0.7288369238376617;
671164;conf/vldb/Garcia-MolinaLY98;0.7288369238376617;
673666;conf/vldb/EicklerKK97;0.7288369238376617;
564767;conf/sigmod/ZhangMCMR02;0.806350827217102;
672965;journals/vldb/PoulovassilisS96;0.6551911532878876;
673149;conf/vldb/MoserKK95;0.7288369238376617;
671500;conf/vldb/Sarawagi99;0.7288369238376617;
673158;conf/vldb/WuYCT95;0.7288369238376617;
671692;conf/vldb/PottingerL00;0.7288369238376617;
672211;conf/vldb/DayalHL01;0.7288369238376617;
671871;conf/vldb/Bowker00;0.7288369238376617;
672965;conf/vldb/PoulovassilisS94;0.7288369238376617;
756643;conf/vldb/DeutschPT99;0.7288369238376617;
672359;conf/vldb/Sondag01;0.7288369238376617;
671018;conf/vldb/ShaferA97;0.7288369238376617;
958947;journals/tods/DiaoAFZF03;0.8301584422588348;
671351;conf/vldb/Johnson99;0.7288369238376617;
671365;conf/vldb/ChanI99;0.7288369238376617;
937599;journals/tods/WijesekeraJPH03;0.8301584422588348;
503101;journals/tods/MamoulisP01;0.8301584422588348;
758375;conf/vldb/Norvag99;0.7288369238376617;
673166;conf/vldb/BelussiF95;0.7288369238376617;
758368;conf/vldb/GarofalakisOS97;0.7288369238376617;
673463;conf/vldb/Raghavan96;0.7288369238376617;
564707;conf/sigmod/KaushikBNK02;0.806350827217102;
672839;conf/vldb/LevyMS94;0.7288369238376617;
564730;conf/sigmod/TaoP02;0.806350827217102;
363954;journals/tods/BaralisW00;0.8301584422588348;
673297;conf/vldb/CatozziR95;0.7288369238376617;
564745;conf/sigmod/SismanisDRK02;0.806350827217102;
672834;conf/vldb/ChaudhuriS94;0.7288369238376617;
673131;conf/vldb/BestavrosB95;0.7288369238376617;
673502;conf/vldb/BerchtoldKK96;0.6569174230098724;
564750;conf/sigmod/DogacTPPLKTK02;0.806350827217102;
673296;conf/vldb/HaberIL95;0.7288369238376617;
507236;journals/tods/SchuldtABS02;0.8301584422588348;
671176;conf/vldb/Mihalisin98;0.7288369238376617;
673493;conf/vldb/KornSFSP96;0.7288369238376617;
671030;conf/vldb/CarinoJ98;0.7288369238376617;
764203;journals/vldb/Amer-YahiaCLS02;0.8356010317802429;
582412;journals/tods/CiacciaP02;0.8301584422588348;
671850;conf/vldb/PappasC00;0.7288369238376617;
564775;conf/sigmod/FungSG02;0.806350827217102;
582413;journals/tods/FernandezKSMT02;0.8301584422588348;
673636;conf/vldb/DiwanRSS96;0.7288369238376617;
671203;conf/vldb/Sterling98;0.7288369238376617;
767133;journals/vldb/AtluriJY03;0.8356010317802429;
765219;journals/vldb/AtluriJY03;0.8356010317802429;
765234;journals/vldb/AtluriJY03;0.8356010317802429;
767142;journals/vldb/AtluriJY03;0.8356010317802429;
953239;journals/vldb/AtluriJY03;0.8356010317802429;
950482;journals/vldb/AtluriJY03;0.8356010317802429;
373708;journals/sigmod/MotroA03;0.7865515947341919;
959085;journals/sigmod/MotroA03;0.8613249361515045;
672195;conf/vldb/PereiraFJLS01;0.7288369238376617;
671839;conf/vldb/AdiBEY00;0.7288369238376617;
671174;conf/vldb/Pogue98;0.7288369238376617;
673650;conf/vldb/AlsabtiRS97;0.7288369238376617;
767150;journals/vldb/TurkerG01;0.7824015021324158;
564792;conf/sigmod/Cotton02;0.806350827217102;
671328;conf/vldb/ChakrabartiSD98;0.7288369238376617;
564734;conf/sigmod/GaoW02;0.806350827217102;
672026;conf/vldb/WaasCB01;0.7288369238376617;
672836;conf/vldb/AgrawalS94;0.7288369238376617;
671505;conf/vldb/KeimH99;0.7288369238376617;
564743;conf/sigmod/Aggarwal02;0.806350827217102;
671506;conf/vldb/KemperKW99;0.7288369238376617;
564759;conf/sigmod/PossSKL02;0.806350827217102;
671028;conf/vldb/VenkataramanZ98;0.7288369238376617;
673311;conf/vldb/FlodinR95;0.7288369238376617;
671201;conf/vldb/EsterKSWX98;0.7288369238376617;
872795;conf/sigmod/FaginKS03;0.806350827217102;
953243;journals/vldb/MedjahedBE03;0.8356010317802429;
671663;conf/vldb/RamanRH99;0.7288369238376617;
765240;journals/vldb/TanGO00;0.8356010317802429;
673502;journals/vldb/LinJF94;0.6636387407779694;
672983;conf/vldb/SripadaW94;0.7288369238376617;
672022;conf/vldb/ChangG00;0.7288369238376617;
671691;conf/vldb/Blecken00;0.7288369238376617;
377677;journals/tods/KossmannFDA00;0.8301584422588348;
672202;conf/vldb/CooperSFHS01;0.7288369238376617;
564739;conf/sigmod/ProcopiucJAM02;0.806350827217102;
776992;journals/sigmod/CaleroPR03;0.8613249361515045;
564801;conf/sigmod/Bussler02;0.806350827217102;
671860;conf/vldb/PardonA00;0.7288369238376617;
671007;conf/vldb/ChristodoulakisTZ97;0.7288369238376617;
383894;journals/tods/JajodiaSSS01;0.8301584422588348;
671513;conf/vldb/BaumannDFRW99;0.7288369238376617;
604262;journals/sigmod/RossCGLLM01;0.8613249361515045;
602302;journals/sigmod/RossCGLLM01;0.8613249361515045;
671338;conf/vldb/FangSGMU98;0.7288369238376617;
673310;conf/vldb/Vaskevitch95;0.7288369238376617;
671862;conf/vldb/CareyKSSS00;0.7288369238376617;
672042;conf/vldb/GalhardasFSSS01;0.7288369238376617;
673645;journals/vldb/RoySSSA98;0.6678835451602936;
671517;conf/vldb/JermaineDO99;0.7288369238376617;
673143;conf/vldb/HasanM95;0.7288369238376617;
671010;conf/vldb/SeshadriLR97;0.7288369238376617;
673635;conf/vldb/VermeerA96;0.7288369238376617;
671005;conf/vldb/CiacciaPZ97;0.7288369238376617;
672348;conf/vldb/BratsbergH01;0.7288369238376617;
672031;conf/vldb/Draluk01;0.7288369238376617;
564749;conf/sigmod/BhattacharyaMBNHS02;0.806350827217102;
671853;conf/vldb/HvasshovdBT00;0.7288369238376617;
953240;journals/vldb/MaedcheMS03;0.8356010317802429;
641270;journals/vldb/AnGSVKI02;0.8356010317802429;
671006;conf/vldb/ZhangL97;0.7288369238376617;
672970;conf/vldb/IyerW94;0.7288369238376617;
672369;conf/vldb/Shmueli01;0.7288369238376617;
671166;conf/vldb/CareyK98;0.7288369238376617;
776989;journals/sigmod/MukhopadhyayGS03;0.8613249361515045;
673634;conf/vldb/SeshadriLR96;0.7288369238376617;
604262;journals/sigmod/RossHKRRSS01;0.8613249361515045;
602302;journals/sigmod/RossHKRRSS01;0.8613249361515045;
671175;conf/vldb/BaulierBGJGKKMMNNRSS98;0.7288369238376617;
765238;journals/vldb/ManegoldBK00;0.8356010317802429;
672987;conf/vldb/MohaniaS94;0.7288369238376617;
672030;conf/vldb/HuntAI01;0.7288369238376617;
564709;conf/sigmod/ZhouR02;0.806350827217102;
333616;journals/sigmod/GruenwaldBDGSSV99;0.7898963987827301;
673138;conf/vldb/SubietaKL95;0.7288369238376617;
950490;journals/vldb/FungKL03;0.8356010317802429;
758370;conf/vldb/ArunJ98;0.7288369238376617;
604262;journals/sigmod/RossFS02;0.8613249361515045;
602302;journals/sigmod/RossFS02;0.8613249361515045;
673148;conf/vldb/KonopnickiS95;0.7288369238376617;
673330;conf/vldb/BouganimFV96;0.7288369238376617;
673163;conf/vldb/BouganimFV96;0.6663369536399841;
672196;conf/vldb/Novaretti01;0.7288369238376617;
671869;conf/vldb/HelalL00;0.7288369238376617;
671324;conf/vldb/Amer-YahiaCD98;0.7288369238376617;
672023;conf/vldb/ZengBNN01;0.7288369238376617;
767154;journals/vldb/RahmB01;0.8356010317802429;
758372;conf/vldb/Objectivity98;0.7288369238376617;
776997;journals/sigmod/Stirling03;0.8613249361515045;
564768;conf/sigmod/TheobaldW02;0.806350827217102;
671354;conf/vldb/LeeL99;0.7288369238376617;
671022;conf/vldb/ChangG97;0.7288369238376617;
673295;conf/vldb/HaasNSS95;0.7288369238376617;
671837;conf/vldb/CowleyP00;0.7288369238376617;
671023;conf/vldb/BamfordBKM98;0.7288369238376617;
673631;conf/vldb/Mohan96;0.7288369238376617;
959080;journals/sigmod/GalianoM03;0.8404915928840637;
767097;journals/vldb/FerrariAABC02;0.8356010317802429;
672821;conf/vldb/DavisonG94;0.7288369238376617;
671867;conf/vldb/BernsteinHJRW00;0.7288369238376617;
673316;conf/vldb/EvangelidisLS95;0.7288369238376617;
564738;conf/sigmod/YangWYH02;0.806350827217102;
671666;conf/vldb/JagadishLS99;0.7288369238376617;
671017;conf/vldb/BohannonLRSSS97;0.7288369238376617;
211999;journals/sigmod/MaelbranckeO95;0.7898963987827301;
671868;conf/vldb/LingLL00;0.7288369238376617;
670996;conf/vldb/HuangJR97;0.7288369238376617;
775455;journals/vldb/VerykiosME03;0.8356010317802429;
673147;conf/vldb/GoyalHSS95;0.7288369238376617;
377665;journals/tods/BohlenJS00;0.8301584422588348;
671187;conf/vldb/SchieferKBLF98;0.7288369238376617;
357776;journals/tods/Bohm00;0.8301584422588348;
767095;journals/vldb/Navarro02;0.8356010317802429;
671167;conf/vldb/BaulierBKS98;0.7288369238376617;
765530;journals/vldb/Halevy02;0.8356010317802429;
764200;journals/vldb/Halevy02;0.8356010317802429;
604262;journals/sigmod/SnodgrassGIMSU98;0.8613249361515045;
602302;journals/sigmod/SnodgrassGIMSU98;0.8613249361515045;
672990;journals/vldb/TsatalosSI96;0.726138710975647;
767153;journals/vldb/GrefenVA01;0.8356010317802429;
671178;conf/vldb/Orenstein98;0.7288369238376617;
671493;conf/vldb/FlorescuLSY99;0.7288369238376617;
872821;conf/sigmod/AbiteboulBCMM03;0.806350827217102;
604262;journals/sigmod/SnodgrassACFLLORRSV99;0.8613249361515045;
602302;journals/sigmod/SnodgrassACFLLORRSV99;0.8613249361515045;
775453;journals/vldb/Ozsu03;0.8356010317802429;
673333;conf/vldb/RamakrishnanR96;0.7288369238376617;
672353;conf/vldb/TsurAADKW01;0.7288369238376617;
671686;conf/vldb/LuL00;0.7288369238376617;
671870;conf/vldb/CarusoCGLM00;0.7288369238376617;
671003;conf/vldb/ChatziantoniouR97;0.7288369238376617;
764202;journals/vldb/FiebigHKMNSW02;0.8356010317802429;
767137;journals/vldb/BraumandlKKKKSS01;0.8356010317802429;
671169;conf/vldb/Shaw98;0.7288369238376617;
673654;conf/vldb/FlorescuKLP97;0.7288369238376617;
564747;conf/sigmod/ChaudhuriGN02;0.806350827217102;
671674;conf/vldb/X00;0.7288369238376617;
582411;journals/tods/MayL02;0.8301584422588348;
673326;conf/vldb/Dyreson96;0.7288369238376617;
671332;conf/vldb/ZhangL98;0.7288369238376617;
672364;conf/vldb/DattaDTVRF01;0.7288369238376617;
673500;conf/vldb/MeoPC96;0.7288369238376617;
564796;conf/sigmod/Mohan02;0.806350827217102;
673649;conf/vldb/ClaussenKMP97;0.7288369238376617;
959070;journals/sigmod/DemersGRTY03;0.8613249361515045;
671864;conf/vldb/LudasaherGM00;0.7288369238376617;
945730;journals/sigmod/Hellerstein03;0.8613249361515045;
564776;conf/sigmod/MaddenH02;0.806350827217102;
672191;conf/vldb/MadhavanBR01;0.7288369238376617;
377676;journals/tods/FegarasM00;0.8301584422588348;
673661;conf/vldb/PellenkoftLK97;0.7288369238376617;
673160;conf/vldb/BunemanDHOW95;0.7288369238376617;
671516;conf/vldb/GionisIM99;0.7288369238376617;
671877;conf/vldb/OlstonW00;0.7288369238376617;
672213;conf/vldb/NarayananS01;0.7288369238376617;
604262;journals/sigmod/RossAJS02;0.8613249361515045;
602302;journals/sigmod/RossAJS02;0.8613249361515045;
564702;conf/sigmod/ZadorozhnyRVUB02;0.806350827217102;
937601;journals/tods/Jimenez-PerisPAK03;0.8301584422588348;
383736;journals/tods/DekhtyarRS01;0.8301584422588348;
757417;conf/vldb/Leymann01;0.7288369238376617;
671162;conf/vldb/Mina98;0.7288369238376617;
673478;conf/vldb/MiningGroup96;0.7288369238376617;
671171;conf/vldb/BonczRK98;0.7288369238376617;
672975;conf/vldb/Galindo-LegariaPK94;0.7288369238376617;
777945;journals/tods/GunopulosKMSTS03;0.8301584422588348;
671847;conf/vldb/WuFSP00;0.7288369238376617;
673139;conf/vldb/LuTD95;0.7288369238376617;
672825;conf/vldb/Chiueh94;0.7288369238376617;
672040;conf/vldb/LiCHPALHAY01;0.7288369238376617;
672363;conf/vldb/PapadiasT01;0.7288369238376617;
672193;conf/vldb/YangG01;0.7288369238376617;
276377;conf/sigmod/OlstonWACELSS98;0.806350827217102;
503100;journals/tods/KotidisR01;0.8301584422588348;
953241;journals/vldb/DoanMDDH03;0.8356010317802429;
671181;conf/vldb/Schoning98;0.7288369238376617;
564777;conf/sigmod/CranorGJSS02;0.806350827217102;
671029;conf/vldb/OoiGT98;0.7288369238376617;
767131;journals/vldb/FengYLH02;0.8356010317802429;
564698;conf/sigmod/MaddenSHR02;0.806350827217102;
344843;journals/sigmod/KempsterST99;0.8613249361515045;
245900;journals/sigmod/HasanMV96;0.7988249659538269;
671182;conf/vldb/ZouS98;0.7288369238376617;
673632;conf/vldb/SarawagiS96;0.7288369238376617;
673499;conf/vldb/Rengarajan96;0.7288369238376617;
564706;conf/sigmod/ChungMS02;0.806350827217102;
672823;conf/vldb/HoelS94;0.7288369238376617;
604262;journals/sigmod/RossGR03;0.8613249361515045;
602302;journals/sigmod/RossGR03;0.8613249361515045;
945741;journals/sigmod/Anisimov03;0.8413249254226685;
672966;conf/vldb/AnandBH94;0.7288369238376617;
673323;conf/vldb/AcharyaFZ96;0.7288369238376617;
950487;journals/vldb/AgrawalHK03;0.8356010317802429;
959087;journals/sigmod/Hainaut03;0.8613249361515045;
767135;journals/vldb/EyalM01;0.8356010317802429;
767133;journals/vldb/BernsteinIR03;0.8356010317802429;
765219;journals/vldb/BernsteinIR03;0.8356010317802429;
765234;journals/vldb/BernsteinIR03;0.8356010317802429;
767142;journals/vldb/BernsteinIR03;0.8356010317802429;
953239;journals/vldb/BernsteinIR03;0.8356010317802429;
950482;journals/vldb/BernsteinIR03;0.8356010317802429;
673159;conf/vldb/Sarawagi95;0.7288369238376617;
671865;conf/vldb/BasuFP00;0.7288369238376617;
777944;journals/tods/TaoP03;0.8301584422588348;
777004;journals/sigmod/AilamakiG03;0.8613249361515045;
673660;conf/vldb/WhiteheadSM97;0.7288369238376617;
234900;journals/sigmod/Dogac96;0.8613249361515045;
564741;conf/sigmod/ThaperGIK02;0.806350827217102;
671355;conf/vldb/LiRS99;0.7288369238376617;
672356;conf/vldb/GarofalakisG01;0.7288369238376617;
767147;journals/vldb/ChakrabartiGRS01;0.8356010317802429;
564731;conf/sigmod/ChangH02;0.806350827217102;
181569;journals/sigmod/Winslett94;0.8613249361515045;
672019;conf/vldb/PfoserJT00;0.7288369238376617;
671348;conf/vldb/Blum99;0.7288369238376617;
604262;journals/sigmod/RossAA02;0.8613249361515045;
602302;journals/sigmod/RossAA02;0.8613249361515045;
564697;conf/sigmod/ViglasN02;0.806350827217102;
671200;conf/vldb/LakshmiZ98;0.7288369238376617;
671195;conf/vldb/RezendeS98;0.7288369238376617;
671670;conf/vldb/DeRose99;0.7288369238376617;
672032;conf/vldb/BrownG01;0.7288369238376617;
672212;conf/vldb/BonifatiCDS01;0.7288369238376617;
673007;conf/vldb/ChenRS95;0.7288369238376617;
671678;conf/vldb/DiaoLCT00;0.7288369238376617;
673657;conf/vldb/YangKL97;0.7288369238376617;
764205;journals/vldb/ChanFGR02;0.8356010317802429;
671675;conf/vldb/HinneburgAK00;0.7288369238376617;
671524;conf/vldb/CeriFP99;0.7288369238376617;
673490;conf/vldb/LakshmananSS96;0.7288369238376617;
671694;conf/vldb/CasatiS00;0.7288369238376617;
671163;conf/vldb/PapadiasMD98;0.7288369238376617;
671515;conf/vldb/JaedickeM99;0.7288369238376617;
672969;conf/vldb/BarjaPFWD94;0.7288369238376617;
671362;conf/vldb/RaoR99;0.7288369238376617;
672215;conf/vldb/AmirKN01;0.7288369238376617;
564765;conf/sigmod/AltinelLKMPLWB02;0.806350827217102;
352982;journals/tods/KossmannS00;0.8301584422588348;
673305;conf/vldb/KornackerB95;0.7288369238376617;
671020;conf/vldb/AlonsoHST97;0.7288369238376617;
758365;conf/vldb/Korth95;0.7288369238376617;
672217;conf/vldb/TanEO01;0.7288369238376617;
672175;conf/vldb/AgrawalSX01;0.7288369238376617;
872807;conf/sigmod/Bierman03;0.806350827217102;
673640;conf/vldb/SkubiszewskiV97;0.7288369238376617;
671325;conf/vldb/DarEGP98;0.7288369238376617;
673308;conf/vldb/CabreraRH95;0.7288369238376617;
673332;conf/vldb/Levy96;0.7288369238376617;
673479;conf/vldb/StaudtJ96;0.7288369238376617;
181566;journals/sigmod/MedeirosP94;0.8613249361515045;
673668;conf/vldb/LiCHH97;0.7288369238376617;
601881;journals/sigmod/WinslettCDHZZ02;0.8057693839073181;
507366;journals/sigmod/GobleR02;0.8613249361515045;
671189;conf/vldb/ShuklaDN98;0.7288369238376617;
765505;journals/vldb/CombiP01;0.7985045909881592;
671337;conf/vldb/NipplM98;0.7288369238376617;
672043;conf/vldb/SadriZZA01;0.7288369238376617;
671004;conf/vldb/GarofalakisI97;0.7288369238376617;
671190;conf/vldb/GeorgeH98;0.7288369238376617;
671676;conf/vldb/SakuraiYUK00;0.7288369238376617;
671339;conf/vldb/BliujuteJSS98;0.7288369238376617;
564711;conf/sigmod/LiGS02;0.806350827217102;
767130;journals/vldb/NanopoulosM02;0.8356010317802429;
564769;conf/sigmod/BarbosaMKL02;0.806350827217102;
671665;conf/vldb/ZurekS99;0.6732813715934753;
671672;conf/vldb/DyresonBJ99;0.7288369238376617;
672182;conf/vldb/BunkerCCMMW01;0.7288369238376617;
673468;conf/vldb/ShethKMWDLPLS96;0.7288369238376617;
564770;conf/sigmod/AbadiC02;0.806350827217102;
672968;conf/vldb/CochinwalaB94;0.7288369238376617;
673300;conf/vldb/SavasereON95;0.7288369238376617;
564746;conf/sigmod/GarofalakisG02;0.806350827217102;
757416;conf/vldb/PatonG01;0.7288369238376617;
671841;conf/vldb/AltinelF00;0.7288369238376617;
672210;conf/vldb/CatozziR01;0.7288369238376617;
671857;conf/vldb/LaneEN00;0.7288369238376617;
671693;conf/vldb/PantiSG00;0.7288369238376617;
673485;conf/vldb/GardarinST96;0.7288369238376617;
671523;conf/vldb/ChakrabartiBD99;0.7288369238376617;
673494;conf/vldb/ShuklaDNR96;0.7288369238376617;
564699;conf/sigmod/DobraGGR02;0.806350827217102;
604262;journals/sigmod/Snodgrass99b;0.8613249361515045;
602302;journals/sigmod/Snodgrass99b;0.8613249361515045;
673301;conf/vldb/Meier95;0.7288369238376617;
671184;conf/vldb/JoshiBLL98;0.7288369238376617;
672205;conf/vldb/MignetMAC01;0.7288369238376617;
671514;conf/vldb/GarofalakisRS99;0.7288369238376617;
672974;conf/vldb/DeWittKLPY94;0.7288369238376617;
671336;conf/vldb/Vieille98;0.7288369238376617;
604262;journals/sigmod/Snodgrass98a;0.8613249361515045;
602302;journals/sigmod/Snodgrass98a;0.8613249361515045;
564726;conf/sigmod/Ramanan02;0.806350827217102;
671685;conf/vldb/Schnase00;0.7288369238376617;
945728;journals/sigmod/BawaCCDGGKMSSVY03;0.8613249361515045;
672376;conf/vldb/TanSHCR01;0.7288369238376617;
672190;conf/vldb/CasatiDGS01;0.7288369238376617;
671838;conf/vldb/Team00;0.7288369238376617;
767096;journals/vldb/MihailaRT02;0.8356010317802429;
767133;journals/vldb/AbbadiSW01;0.8356010317802429;
765219;journals/vldb/AbbadiSW01;0.8356010317802429;
765234;journals/vldb/AbbadiSW01;0.8356010317802429;
767142;journals/vldb/AbbadiSW01;0.8356010317802429;
953239;journals/vldb/AbbadiSW01;0.8356010317802429;
950482;journals/vldb/AbbadiSW01;0.8356010317802429;
604262;journals/sigmod/RossAKSSY00;0.8613249361515045;
602302;journals/sigmod/RossAKSSY00;0.8613249361515045;
673462;conf/vldb/DarFJST96;0.7288369238376617;
671177;conf/vldb/CherniackZ98;0.7288369238376617;
670998;conf/vldb/WildfogelY97;0.7288369238376617;
672830;conf/vldb/Lesk94;0.7288369238376617;
604262;journals/sigmod/RossHLW01;0.8613249361515045;
602302;journals/sigmod/RossHLW01;0.8613249361515045;
304211;journals/vldb/MaratheS02;0.7763932049274445;
767098;journals/vldb/MaratheS02;0.8356010317802429;
671697;conf/vldb/WangHH00;0.7288369238376617;
671019;conf/vldb/BaralisPT97;0.7288369238376617;
671330;conf/vldb/GehrkeRG98;0.7288369238376617;
671510;conf/vldb/DonjerkovicR99;0.7288369238376617;
673132;conf/vldb/BrownS95;0.7288369238376617;
950486;journals/vldb/ChandrasekaranF03;0.8356010317802429;
672201;conf/vldb/BouguettayaEMO01;0.7288369238376617;
758364;conf/vldb/LuSL95;0.7288369238376617;
671361;conf/vldb/DarmontS99;0.7288369238376617;
564758;conf/sigmod/SzalayGTKMRSv02;0.806350827217102;
671680;conf/vldb/Schek00;0.6903753876686096;
671861;conf/vldb/Schek00;0.7288369238376617;
671356;conf/vldb/NaumannLF99;0.7288369238376617;
672038;conf/vldb/Sol01;0.7288369238376617;
672186;conf/vldb/AmbiteKKMST01;0.7288369238376617;
276367;conf/sigmod/Aulakh98;0.806350827217102;
672185;conf/vldb/OConnellWG01;0.7288369238376617;
671360;conf/vldb/WangZL99;0.7288369238376617;
671027;conf/vldb/SilversteinBMU98;0.7288369238376617;
671025;conf/vldb/KornLKF98;0.7288369238376617;
641271;journals/vldb/AilamakiDH02;0.8356010317802429;
671875;conf/vldb/GuntzerBK00;0.7288369238376617;
564694;conf/sigmod/RiedewaldAA02;0.806350827217102;
673140;conf/vldb/Fecteau95;0.7288369238376617;
673309;conf/vldb/TreschPL95;0.7288369238376617;
672203;conf/vldb/ShanmugasundaramKSFF01;0.7288369238376617;
671202;conf/vldb/GibsonKR98;0.7288369238376617;
671193;conf/vldb/GarofalakisIO98;0.7288369238376617;
502033;journals/tods/Ng01;0.8301584422588348;
672180;conf/vldb/CherniackFZ01;0.7288369238376617;
776987;journals/sigmod/JukicNV03;0.8613249361515045;
959083;journals/sigmod/LenzVJS03;0.8613249361515045;
564735;conf/sigmod/MoonWH02;0.806350827217102;
673653;conf/vldb/StathatosRB97;0.7288369238376617;
671015;conf/vldb/LeeLWS97;0.7288369238376617;
381897;journals/sigmod/PhatakSSS96;0.8057693839073181;
671846;conf/vldb/ManolescuFKXO00;0.7288369238376617;
505049;journals/vldb/ApersCS02;0.7763932049274445;
505055;journals/vldb/ApersCS02;0.7763932049274445;
641269;journals/vldb/ApersCS02;0.8356010317802429;
671859;conf/vldb/Taylor00;0.7288369238376617;
671698;conf/vldb/Nori00;0.7288369238376617;
937600;journals/tods/JacoxS03;0.8301584422588348;
564715;conf/sigmod/TatarinovVBSSZ02;0.806350827217102;
959084;journals/sigmod/Giorgini03;0.8613249361515045;
762474;journals/tods/MelnikG03;0.8301584422588348;
564799;conf/sigmod/ShashaB02;0.806350827217102;
564798;conf/sigmod/ShashaB02;0.7507952749729156;
673005;conf/vldb/BrownMCL94;0.7288369238376617;
672964;conf/vldb/YanA94;0.7288369238376617;
673655;conf/vldb/SeidlK97;0.7288369238376617;
673320;conf/vldb/Ogawa96;0.6788369417190552;
959086;journals/sigmod/KambhampatiK03;0.8613249361515045;
758381;conf/vldb/AnciauxBBPV01;0.7288369238376617;
673476;conf/vldb/McKennaBHT96;0.7288369238376617;
671346;conf/vldb/GoldmanSVG98;0.7288369238376617;
671032;conf/vldb/George98;0.7288369238376617;
671508;conf/vldb/Hamilton99;0.7288369238376617;
672021;conf/vldb/JiangSLB00;0.7288369238376617;
219769;journals/sigmod/DrewHKKLLLSW95;0.7947075963020325;
671364;conf/vldb/BonczMK99;0.7288369238376617;
945732;journals/sigmod/TatarinovIMHSDDKMM03;0.8613249361515045;
604262;journals/sigmod/SnodgrassHMOPRRWY98;0.8613249361515045;
602302;journals/sigmod/SnodgrassHMOPRRWY98;0.8613249361515045;
670992;conf/vldb/RothS97;0.7288369238376617;
383892;journals/tods/ChomickiTB01;0.8301584422588348;
673470;conf/vldb/Bhashyam96;0.7288369238376617;
564778;conf/sigmod/CrescenziMM02;0.806350827217102;
672358;conf/vldb/ManolopoulosT01;0.7288369238376617;
672189;conf/vldb/BaumgartnerFG01a;0.7288369238376617;
673627;conf/vldb/SrivastavaDJL96;0.7288369238376617;
671507;conf/vldb/GohOST99;0.7288369238376617;
671683;conf/vldb/Banerjee00;0.7288369238376617;
672828;conf/vldb/NgY94;0.7288369238376617;
671499;conf/vldb/ShanmugasundaramGTZDN99;0.7288369238376617;
672829;conf/vldb/SistlaYH94;0.7288369238376617;
950493;journals/vldb/HelmerM03;0.8356010317802429;
672820;conf/vldb/MuntzR94;0.7288369238376617;
673643;conf/vldb/NgC97;0.7288369238376617;
673664;conf/vldb/KraissW97;0.7288369238376617;
673486;conf/vldb/Sacks-Davis96;0.7288369238376617;
673335;conf/vldb/Moni96;0.7288369238376617;
671492;conf/vldb/BrodieC99;0.7288369238376617;
671511;conf/vldb/LakshmananSS99;0.7288369238376617;
767139;journals/vldb/ShegalovGW01;0.8356010317802429;
673152;conf/vldb/Wang95;0.7288369238376617;
672354;conf/vldb/KoschBBHHLRT01;0.7288369238376617;
671202;journals/vldb/GibsonKR00;0.726138710975647;
671840;conf/vldb/Tsur00;0.7288369238376617;
357778;journals/tods/ParsonsW00;0.8301584422588348;
672361;conf/vldb/SundaraHCAS01;0.7288369238376617;
672368;conf/vldb/ManolescuFK01;0.7288369238376617;
672036;conf/vldb/May01;0.7288369238376617;
383737;journals/tods/HsuSY01;0.7886357009410858;
672367;conf/vldb/AilamakiDHS01;0.7288369238376617;
564753;conf/sigmod/BumbulisB02;0.806350827217102;
775456;journals/vldb/CuiW03;0.8356010317802429;
672818;conf/vldb/HjelsvoldM94;0.7288369238376617;
673322;conf/vldb/Atal96;0.7288369238376617;
673330;conf/vldb/RahmM95;0.6663369536399841;
673163;conf/vldb/RahmM95;0.7288369238376617;
581754;journals/tods/TaoPZ02;0.8301584422588348;
564703;conf/sigmod/DattaDTVSR02;0.806350827217102;
673156;conf/vldb/Hallmark95;0.7288369238376617;
945739;journals/sigmod/MalaikaEM03;0.8613249361515045;
671858;conf/vldb/MohanBWSZ00;0.7288369238376617;
958948;journals/tods/HjaltasonS03;0.8301584422588348;
671204;conf/vldb/GrovlenHT98;0.7288369238376617;
673317;conf/vldb/LeslieJBY95;0.7288369238376617;
673472;conf/vldb/Kleewein96;0.7288369238376617;
671490;conf/vldb/Pound99;0.7288369238376617;
671681;conf/vldb/RisheYACLMVSV00;0.7288369238376617;
564788;conf/sigmod/HellersteinW02;0.806350827217102;
363955;journals/tods/KemmeA00;0.8301584422588348;
673501;conf/vldb/RysNS96;0.7288369238376617;
765508;journals/vldb/WangW01;0.8356010317802429;
564714;conf/sigmod/PapakonstantinouPV02;0.806350827217102;
673302;conf/vldb/AmsalegFG95;0.7288369238376617;
959081;journals/sigmod/Wiegand03;0.8350091576576233;
767151;journals/vldb/Halevy01;0.8356010317802429;
673489;conf/vldb/Sullivan96;0.7288369238376617;
673667;conf/vldb/HelmerM97;0.7288369238376617;
564785;conf/sigmod/LuWYBLY02;0.806350827217102;
953244;journals/vldb/FiletoLPAM03;0.8356010317802429;
672976;conf/vldb/GutierrezPST94;0.7288369238376617;
673151;conf/vldb/OrensteinK95;0.7288369238376617;
959065;journals/sigmod/HellersteinHM03;0.8613249361515045;
672194;conf/vldb/BaumgartnerFG01;0.7288369238376617;
672990;conf/vldb/TsatalosSI94;0.7288369238376617;
671165;conf/vldb/DoDJJR98;0.7288369238376617;
673136;conf/vldb/HvasshovdTBH95;0.7288369238376617;
945729;journals/sigmod/AbererCDDHPS03;0.8613249361515045;
776986;journals/sigmod/GolabO03;0.8613249361515045;
758363;conf/vldb/ShatdalKN94;0.7288369238376617;
764206;journals/vldb/IvesHW02;0.8356010317802429;
672840;conf/vldb/MedianoCD94;0.7288369238376617;
671662;conf/vldb/AilamakiDHW99;0.7288369238376617;
671358;conf/vldb/Kornacker99;0.7288369238376617;
671008;conf/vldb/GoldmanW97;0.7288369238376617;
673663;conf/vldb/TriantafillouP97;0.7288369238376617;
672842;conf/vldb/LitwinNS94;0.7288369238376617;
564790;conf/sigmod/Bonnet02;0.806350827217102;
502032;journals/tods/LiC01;0.8301584422588348;
673473;conf/vldb/Hammond96;0.7288369238376617;
764201;journals/vldb/JagadishACLNPPSWWY02;0.8356010317802429;
672351;conf/vldb/Gibbons01;0.7288369238376617;
671491;conf/vldb/PedersenJD99;0.7288369238376617;
672187;conf/vldb/MorishimaKKT01;0.7288369238376617;
671000;conf/vldb/HumborstadSHT97;0.7288369238376617;
601865;journals/sigmod/Aberer03d;0.8613249361515045;
604274;journals/sigmod/Aberer03d;0.8613249361515045;
507353;journals/sigmod/Aberer03d;0.8613249361515045;
565129;journals/sigmod/Aberer03d;0.8613249361515045;
637424;journals/sigmod/Aberer03d;0.8613249361515045;
776994;journals/sigmod/Aberer03d;0.8613249361515045;
959078;journals/sigmod/Aberer03d;0.8613249361515045;
640997;journals/sigmod/MarchiLPT03;0.8613249361515045;
564799;conf/sigmod/ShashaB02a;0.7507952749729156;
564798;conf/sigmod/ShashaB02a;0.806350827217102;
671347;conf/vldb/AcharyaGP99;0.7288369238376617;
564779;conf/sigmod/FlorescuGKR02;0.806350827217102;
672978;conf/vldb/JonscherD94;0.7288369238376617;
672176;conf/vldb/DongHLPW01;0.7288369238376617;
672831;conf/vldb/TeisseirePC94;0.7288369238376617;
564729;conf/sigmod/VriesMNK02;0.806350827217102;
672841;conf/vldb/BrinkhoffK94;0.7288369238376617;
672988;conf/vldb/FrohnLU94;0.7288369238376617;
958946;journals/tods/Chomicki03;0.8301584422588348;
673642;conf/vldb/MalonM97;0.7288369238376617;
958943;journals/tods/TaoSP03;0.8301584422588348;
673325;conf/vldb/Toivonen96;0.7288369238376617;
673165;conf/vldb/EicklerGK95;0.7288369238376617;
671696;conf/vldb/ChaudhuriW00;0.7288369238376617;
765239;journals/vldb/RamanRH00;0.8356010317802429;
564766;conf/sigmod/MarklL02;0.806350827217102;
671357;conf/vldb/ChengGKLLQS99;0.7288369238376617;
673644;conf/vldb/Huyn97;0.7288369238376617;
672837;conf/vldb/GaasterlandL94;0.7288369238376617;
564794;conf/sigmod/GarofalakisGR02;0.806350827217102;
601865;journals/sigmod/Aberer03b;0.8613249361515045;
604274;journals/sigmod/Aberer03b;0.8613249361515045;
507353;journals/sigmod/Aberer03b;0.8613249361515045;
565129;journals/sigmod/Aberer03b;0.8613249361515045;
637424;journals/sigmod/Aberer03b;0.8613249361515045;
776994;journals/sigmod/Aberer03b;0.8613249361515045;
959078;journals/sigmod/Aberer03b;0.8613249361515045;
671529;conf/vldb/KnorrN99;0.7288369238376617;
777002;journals/sigmod/CampbellEM03;0.8613249361515045;
950488;journals/vldb/ChakrabartiRS03;0.8019673824310303;
673133;conf/vldb/Bayer95;0.7288369238376617;
673669;conf/vldb/GibbonsMP97;0.7288369238376617;
671341;conf/vldb/BraumandlCK98;0.7288369238376617;
673471;conf/vldb/Celis96;0.7288369238376617;
672181;conf/vldb/DillKMRST01;0.7288369238376617;
959062;journals/sigmod/Snodgrass03c;0.8613249361515045;
672039;conf/vldb/SindoniTABFGMPPT01;0.7288369238376617;
671170;conf/vldb/RamaswamyMS98;0.7288369238376617;
673161;conf/vldb/Lindsay95;0.6574083864688873;
507235;journals/tods/Suciu02;0.8301584422588348;
673630;conf/vldb/Malaika96;0.7288369238376617;
672034;conf/vldb/AboulnagaAN01;0.7288369238376617;
671702;conf/vldb/DeenJNNW00;0.7288369238376617;
671503;conf/vldb/HoskingC99;0.7288369238376617;
672967;conf/vldb/IdrisGC94;0.7288369238376617;
672986;conf/vldb/MatthesS94;0.7288369238376617;
673315;conf/vldb/KalusD95;0.7288369238376617;
959074;journals/sigmod/PalpanasPKG03;0.8613249361515045;
673629;conf/vldb/Suciu96;0.7288369238376617;
672033;conf/vldb/Wadler01;0.7288369238376617;
671340;conf/vldb/ArgePRSV98;0.7288369238376617;
671186;conf/vldb/MorimotoFMTY98;0.7288369238376617;
564742;conf/sigmod/ChoiC02;0.806350827217102;
672174;conf/vldb/GilbertKMS01;0.7288369238376617;
564693;conf/sigmod/BunemanKTT02;0.806350827217102;
672183;conf/vldb/Kotidis01;0.7288369238376617;
672025;conf/vldb/RaghavanG01;0.7288369238376617;
776996;journals/sigmod/Nascimento03;0.8613249361515045;
765507;journals/vldb/LeeSC01;0.8356010317802429;
671180;conf/vldb/RoussopoulosK98;0.7288369238376617;
673647;conf/vldb/Jacobs97;0.7288369238376617;
671700;conf/vldb/Carey00;0.7288369238376617;
671701;conf/vldb/AgrawalCN00;0.7288369238376617;
672373;conf/vldb/ChienTZ01;0.7288369238376617;
672028;conf/vldb/KahveciS01;0.7288369238376617;
672980;conf/vldb/Guting94;0.7288369238376617;
672377;conf/vldb/LahiriSCMC01;0.7288369238376617;
777946;journals/tods/LechtenborgerV03;0.8301584422588348;
641274;journals/vldb/HuntAI02;0.8356010317802429;
671013;conf/vldb/JagadishNSSK97;0.7288369238376617;
959066;journals/sigmod/Mani03;0.8613249361515045;
959072;journals/sigmod/TanK03;0.8613249361515045;
765504;journals/vldb/NguSHL01;0.8356010317802429;
950491;journals/vldb/Li03;0.8356010317802429;
671852;conf/vldb/ChakrabartiM00;0.7288369238376617;
672199;conf/vldb/CareyKRLABFLOPQRSSUVWY01;0.7288369238376617;
671327;conf/vldb/JohnsonM98;0.7288369238376617;
672370;conf/vldb/MeccaCM01;0.7288369238376617;
564718;conf/sigmod/GillmannWW02;0.806350827217102;
672214;conf/vldb/Duranti01;0.7288369238376617;
277955;conf/sigmod/Epstein95;0.806350827217102;
673306;conf/vldb/Madnick95;0.7288369238376617;
671842;conf/vldb/PedersenJD00;0.7288369238376617;
671854;conf/vldb/DiligentiCLGG00;0.7288369238376617;
776999;journals/sigmod/Vianu03;0.8613249361515045;
564701;conf/sigmod/OlstonW02;0.806350827217102;
775457;journals/vldb/MedjahedBBNE03;0.8356010317802429;
672046;conf/vldb/AksoyZF01;0.7288369238376617;
673307;conf/vldb/MogiK95;0.7288369238376617;
673168;conf/vldb/WienerN95;0.7288369238376617;
945731;journals/sigmod/NejdlSS03;0.8613249361515045;
959064;journals/sigmod/Kumar03;0.8613249361515045;
673461;conf/vldb/ChaudhuriS96;0.7288369238376617;
950492;journals/vldb/ChuaCL03;0.8356010317802429;
604262;journals/sigmod/CherniakV03;0.8613249361515045;
602302;journals/sigmod/CherniakV03;0.8613249361515045;
673487;conf/vldb/FaloutsosG96;0.7288369238376617;
756664;conf/vldb/Dasgupta96;0.7288369238376617;
672015;conf/vldb/CotterB00;0.7288369238376617;
604262;journals/sigmod/RossIJP00;0.8613249361515045;
602302;journals/sigmod/RossIJP00;0.8613249361515045;
671844;conf/vldb/KriegelPS00;0.7288369238376617;
673658;conf/vldb/SellisRF97;0.7288369238376617;
564722;conf/sigmod/BrunoC02;0.806350827217102;
672822;conf/vldb/ChawatheCY94;0.7288369238376617;
671530;conf/vldb/VriesDBA99;0.7288369238376617;
671185;conf/vldb/MengLYWCR98;0.7288369238376617;
673314;conf/vldb/FerrandinaMZFM95;0.7288369238376617;
672204;conf/vldb/WiesnerK01;0.7288369238376617;
671349;conf/vldb/McHughW99;0.7288369238376617;
671525;conf/vldb/CarinoOBS99;0.7288369238376617;
672013;conf/vldb/DingGS00;0.7288369238376617;
672355;conf/vldb/AbrolLMMMRTWZ01;0.7288369238376617;
672007;conf/vldb/RamamrithamABEGP00;0.7288369238376617;
672991;conf/vldb/FerrandinaMZ94;0.7288369238376617;
950485;journals/vldb/AbadiCCCCLSTZ03;0.8356010317802429;
564723;conf/sigmod/RamanH02;0.806350827217102;
383735;journals/tods/AndriesCPB01;0.8301584422588348;
381882;journals/sigmod/AdelbergKG96;0.8613249361515045;
564755;conf/sigmod/KanthRA02;0.806350827217102;
758376;conf/vldb/X00a;0.7288369238376617;
253401;conf/sigmod/BohrerBBCFHKKMNRRSUUW97a;0.806350827217102;
765236;journals/vldb/ClaussenKKW00;0.7773458659648895;
671009;conf/vldb/KumarKA97;0.7288369238376617;
672349;conf/vldb/StillgerLMK01;0.7288369238376617;
671191;conf/vldb/JagadishKMPSS98;0.7288369238376617;
673474;conf/vldb/BohlenSS96;0.7288369238376617;
767129;journals/vldb/HjaltasonS02;0.8356010317802429;
671519;conf/vldb/TanGO99;0.7288369238376617;
672206;conf/vldb/ZhouLZLZJT01;0.7288369238376617;
673153;conf/vldb/YanG95;0.7288369238376617;
767146;journals/vldb/PottingerH01;0.8356010317802429;
672994;conf/vldb/ChakravarthyKAK94;0.7288369238376617;
765235;journals/vldb/BernsteinPS00;0.8356010317802429;
673643;journals/vldb/NgC98;0.726138710975647;
872767;conf/sigmod/WitkowskiBBDFGSS03;0.806350827217102;
352983;journals/tods/Lerner00;0.8301584422588348;
564762;conf/sigmod/AntonJLPZZ02;0.806350827217102;
673164;conf/vldb/AmmannJR95;0.7288369238376617;
564781;conf/sigmod/HanWDPW02;0.806350827217102;
767152;journals/vldb/LaurentLSV01;0.8356010317802429;
671682;conf/vldb/ShahabiFKF00;0.7288369238376617;
671329;conf/vldb/Ganguly98;0.7288369238376617;
564721;conf/sigmod/LuoEHN02;0.806350827217102;
219766;journals/sigmod/SellisV95;0.7906142473220825;
564695;conf/sigmod/KalnisNOPT02;0.806350827217102;
671849;conf/vldb/GoldsteinR00;0.7288369238376617;
671687;conf/vldb/WangZ00;0.7288369238376617;
671350;conf/vldb/SahuguetA99;0.7288369238376617;
670993;conf/vldb/RossS97;0.7288369238376617;
672198;conf/vldb/BohmMSW01;0.7288369238376617;
564782;conf/sigmod/AgrawalCD02;0.806350827217102;
641273;journals/vldb/AguileraCMVV02;0.8356010317802429;
673637;conf/vldb/Cuppens96;0.7288369238376617;
671668;conf/vldb/KonigW99;0.7288369238376617;
564717;conf/sigmod/HacigumusILM02;0.806350827217102;
950494;journals/vldb/YangW03;0.8356010317802429;
564783;conf/sigmod/PhanN02;0.806350827217102;
673162;conf/vldb/Spintzik95;0.7288369238376617;
671876;conf/vldb/CeriCW00;0.7288369238376617;
673157;conf/vldb/AgrawalPWZ95;0.7288369238376617;
758374;conf/vldb/ZirintsisKM99;0.7288369238376617;
673469;conf/vldb/LevyRO96;0.7288369238376617;
777000;journals/sigmod/ChongFTSYKDJJ03;0.8613249361515045;
671673;conf/vldb/JosifovskiR99;0.7288369238376617;
672832;conf/vldb/LuOT94;0.7288369238376617;
672360;conf/vldb/Mohan01;0.7288369238376617;
673648;conf/vldb/Jamil97;0.7288369238376617;
564774;conf/sigmod/WangTYGWP02;0.806350827217102;
671335;conf/vldb/BelloDDFNSWZ98;0.7288369238376617;
672982;conf/vldb/AmielBDS94;0.7288369238376617;
671173;conf/vldb/Moerkotte98;0.7288369238376617;
671331;conf/vldb/IshikawaSF98;0.7288369238376617;
672188;conf/vldb/UrhanF01;0.7288369238376617;
671680;conf/vldb/Brodie00;0.7288369238376617;
671861;conf/vldb/Brodie00;0.6903753876686096;
672827;conf/vldb/NgH94;0.7288369238376617;
673144;conf/vldb/MillinerBP95;0.7288369238376617;
671196;conf/vldb/ZimbraoS98;0.7288369238376617;
673324;conf/vldb/Gupta96;0.7288369238376617;
671495;conf/vldb/TamuraK99;0.7288369238376617;
673001;conf/vldb/KamelF94;0.7288369238376617;
671671;conf/vldb/HaasKU99;0.7288369238376617;
945733;journals/sigmod/ArenasKKKMM03;0.8613249361515045;
945724;journals/sigmod/Halevy03;0.8613249361515045;
564771;conf/sigmod/ChenRW02;0.806350827217102;
767128;journals/vldb/SakuraiYUK02;0.8356010317802429;
671192;conf/vldb/WeberSB98;0.7288369238376617;
959076;journals/sigmod/CalvaneseGLV03;0.8613249361515045;
672365;conf/vldb/NatsevCSLV01;0.7288369238376617;
352963;journals/tods/GutingBEJLSV00;0.7676584720611572;
672973;conf/vldb/RosenthalS94;0.7288369238376617;
672024;conf/vldb/SakuraiYKU01;0.7288369238376617;
945722;journals/sigmod/NascimentoSP03;0.8613249361515045;
604262;journals/sigmod/RossCGJBV99;0.8613249361515045;
602302;journals/sigmod/RossCGJBV99;0.8613249361515045;
673298;conf/vldb/BargaP95;0.7288369238376617;
672177;conf/vldb/OzsuLON01;0.7288369238376617;
958945;journals/tods/ChoG03;0.8301584422588348;
673466;conf/vldb/SevcikK96;0.7288369238376617;
672011;conf/vldb/MatiasVW00;0.7288369238376617;
670994;conf/vldb/GravanoG97;0.7288369238376617;
671168;conf/vldb/FlorescuLS98;0.7288369238376617;
672004;conf/vldb/SrinivasanDFCJYKTDB00;0.7288369238376617;
672819;conf/vldb/SteenhagenABB94;0.7288369238376617;
671359;conf/vldb/ChaudhuriG99;0.7288369238376617;
673497;conf/vldb/AgarwalADGNRS96;0.7288369238376617;
672208;conf/vldb/StohrR01;0.7288369238376617;
672375;conf/vldb/ChaHKK01;0.7288369238376617;
671690;conf/vldb/PereiraFLS00;0.7288369238376617;
673137;conf/vldb/BassiliadesV95;0.7288369238376617;
765506;journals/vldb/LiCHH01;0.8356010317802429;
671843;conf/vldb/StohrMR00;0.7288369238376617;
673665;conf/vldb/LockemannKKKN97;0.7288369238376617;
671836;conf/vldb/NetzCBF00;0.7288369238376617;
671344;conf/vldb/Greco98;0.7288369238376617;
672005;conf/vldb/GrumbachRS00;0.7288369238376617;
375666;conf/sigmod/NgWY01;0.806350827217102;
671684;conf/vldb/LabioYCGW00;0.7288369238376617;
767140;journals/vldb/DattaDVRN01;0.8356010317802429;
767136;journals/vldb/BonifatiCP01;0.8356010317802429;
581752;journals/tods/CaldersNW02;0.8301584422588348;
223867;conf/sigmod/WoelkBJOTU95;0.73564013838768;
953242;journals/vldb/HalkidiNVV03;0.8356010317802429;
673150;conf/vldb/GuptaHQ95;0.7288369238376617;
673294;conf/vldb/GravanoG95;0.7288369238376617;
776995;journals/sigmod/Hoffner03;0.8613249361515045;
758366;conf/vldb/Baru96;0.7288369238376617;
673154;conf/vldb/YanL95;0.7288369238376617;
673312;conf/vldb/ChaudhuriGS95;0.7288369238376617;
671352;conf/vldb/DattaRT99;0.7288369238376617;
671494;conf/vldb/RothOH99;0.7288369238376617;
671498;conf/vldb/BernsteinPS99;0.7288369238376617;
672008;conf/vldb/ChoenniV00;0.7288369238376617;
767094;journals/vldb/RafieiM02;0.8356010317802429;
762472;journals/tods/BeneventanoBS03;0.8301584422588348;
765237;journals/vldb/JagadishKNS00;0.8356010317802429;
672372;conf/vldb/MarronL01;0.7288369238376617;
564719;conf/sigmod/DasuJMS02;0.7608962953090668;
671172;conf/vldb/AbiteboulMRVW98;0.7288369238376617;
672010;conf/vldb/ManegoldBK00;0.7288369238376617;
672009;conf/vldb/RamasamyPNK00;0.7288369238376617;
758382;conf/vldb/MargaritisFT01;0.7288369238376617;
959079;journals/sigmod/WangD03;0.8279916048049927;
673155;conf/vldb/AgrawalLSS95;0.7288369238376617;
673328;conf/vldb/FaloutsosMS96;0.7288369238376617;
672178;conf/vldb/OoiYTJ01;0.7288369238376617;
671845;conf/vldb/SchaeferBBJ00;0.7288369238376617;
564725;conf/sigmod/GuhaJKSY02;0.806350827217102;
564733;conf/sigmod/PolyzotisG02;0.806350827217102;
502031;journals/tods/EiterLLS01;0.8301584422588348;
277955;conf/sigmod/Ellison95;0.806350827217102;
767134;journals/vldb/MecellaP01;0.8356010317802429;
671526;conf/vldb/Mohan99;0.7288369238376617;
671194;conf/vldb/RezendeH98;0.7288369238376617;
672835;conf/vldb/HasanM94;0.7288369238376617;
672020;conf/vldb/YagoubFIV00;0.7288369238376617;
673482;conf/vldb/GuptaM96;0.7288369238376617;
564713;conf/sigmod/FreireHRRS02;0.806350827217102;
672027;conf/vldb/JensenL01;0.7288369238376617;
672824;conf/vldb/FuC94;0.7288369238376617;
945735;journals/sigmod/Ouksel03;0.8613249361515045;
673003;conf/vldb/ColletCS94;0.7288369238376617;
375757;conf/sigmod/Sahuguet01;0.7563508450984955;
672352;conf/vldb/OzdenGHNSDGGW01;0.7288369238376617;
671509;conf/vldb/BamfordAP99;0.7288369238376617;
671001;conf/vldb/KietzRS97;0.7288369238376617;
673299;conf/vldb/MehtaD95;0.7288369238376617;
672833;conf/vldb/GoodmanRS94;0.7288369238376617;
672371;conf/vldb/SeegerBBKSDS01;0.7288369238376617;
671033;conf/vldb/LinR98;0.7288369238376617;
671520;conf/vldb/FuhDCMTLDRM99;0.7288369238376617;
564705;conf/sigmod/Grust02;0.806350827217102;
672981;conf/vldb/KilgerM94;0.7288369238376617;
672838;conf/vldb/SetzerZ94;0.7288369238376617;
672362;conf/vldb/LabrinidisR01;0.7288369238376617;
671695;conf/vldb/ShanmugasundaramSBCLPR00;0.7288369238376617;
219774;journals/sigmod/Stacey95;0.8613249361515045;
673480;conf/vldb/BerckenS96;0.7288369238376617;
673645;conf/vldb/AshwinRSSS97;0.7288369238376617;
671333;conf/vldb/BlottKS98;0.7288369238376617;
671031;conf/vldb/CarinoO98;0.7288369238376617;
764204;journals/vldb/ChienTZ02;0.8356010317802429;
671664;conf/vldb/AbiteboulACEMM99;0.7288369238376617;
673319;conf/vldb/SimonD95;0.7288369238376617;
673495;conf/vldb/FukudaMMT96;0.7288369238376617;
775454;journals/vldb/ShethTP03;0.8356010317802429;
767148;journals/vldb/Sarawagi01;0.8356010317802429;
959067;journals/sigmod/BonnetBDL03;0.8613249361515045;
671345;conf/vldb/RiedelGF98;0.7288369238376617;
671679;conf/vldb/ChoG00;0.7288369238376617;
673656;conf/vldb/TheodoratosS97;0.7288369238376617;
671002;conf/vldb/MaratheS97;0.7288369238376617;
673329;conf/vldb/Padmanabhan96;0.7288369238376617;
604262;journals/sigmod/RossFLOSSVW00;0.8613249361515045;
602302;journals/sigmod/RossFLOSSVW00;0.8613249361515045;
671190;journals/vldb/GeorgeH00;0.6547101736068726;
564751;conf/sigmod/JosifovskiSHL02;0.806350827217102;
671161;conf/vldb/GingrasL98;0.7288369238376617;
670999;conf/vldb/BernsteinHSSZ97;0.7288369238376617;
671518;conf/vldb/BouganimCDDGS99;0.7288369238376617;
671669;conf/vldb/Chawathe99;0.7288369238376617;
673000;conf/vldb/JagadishLRSS94;0.6663369536399841;
672971;conf/vldb/GehaniJR94;0.7288369238376617;
673331;conf/vldb/LeeL96;0.7288369238376617;
671521;conf/vldb/PacittMS99;0.7288369238376617;
673334;conf/vldb/Gawlick96;0.7288369238376617;
671334;conf/vldb/KnorrN98;0.7288369238376617;
564757;conf/sigmod/RaoZML02;0.806350827217102;
671689;conf/vldb/YiF00;0.7288369238376617;
673002;conf/vldb/BaralisW94;0.7288369238376617;
672216;conf/vldb/ChirkovaHS01;0.7288369238376617;
672200;conf/vldb/GravanoIJKMS01;0.7288369238376617;
671527;conf/vldb/IoannidisP99;0.7288369238376617;
671014;conf/vldb/AtzeniMM97;0.7288369238376617;
671011;conf/vldb/BridgeJKLLM97;0.7288369238376617;
672207;conf/vldb/StanoiRAA01;0.7288369238376617;
673170;conf/vldb/LometT95;0.7288369238376617;
564763;conf/sigmod/LuoKMPWLN02;0.806350827217102;
671343;conf/vldb/Tygar98;0.7288369238376617;
673145;conf/vldb/HellersteinNP95;0.7288369238376617;
564710;conf/sigmod/ChenGMV02;0.7507952749729156;
671677;conf/vldb/MillerHH00;0.7288369238376617;
945736;journals/sigmod/KoubarakisTID03;0.8613249361515045;
758383;conf/vldb/Adler01;0.7288369238376617;
671699;conf/vldb/KoudasIM00;0.7288369238376617;
672989;conf/vldb/OuzzaniAB94;0.7288369238376617;
672197;conf/vldb/BerckenS01;0.7288369238376617;
672037;conf/vldb/Huyn01;0.7288369238376617;
959068;journals/sigmod/ChengP03;0.8613249361515045;
959061;journals/sigmod/Date03;0.8613249361515045;
959071;journals/sigmod/KannanKIK03;0.8613249361515045;
945727;journals/sigmod/Aberer03c;0.8613249361515045;
673304;conf/vldb/SrikantA95;0.7288369238376617;
776991;journals/sigmod/FifeG03;0.8613249361515045;
640992;journals/sigmod/GottlobKP03a;0.8613249361515045;
776988;journals/sigmod/GottlobKP03a;0.8613249361515045;
758379;conf/vldb/YagoubFIV00a;0.7288369238376617;
641272;journals/vldb/ChirkovaHS02;0.8356010317802429;
673318;conf/vldb/ReuterCGSW95;0.7288369238376617;
673130;conf/vldb/GallersdorferN95;0.7288369238376617;
673467;conf/vldb/Mattos96;0.7288369238376617;
671856;conf/vldb/Ladin00;0.7288369238376617;
959069;journals/sigmod/AilamakiFFSV03;0.8613249361515045;
568519;journals/tods/BrunoCG02;0.8301584422588348;
671866;conf/vldb/Deshpande00;0.7288369238376617;
671342;conf/vldb/SheikholeslamiCZ98;0.7288369238376617;
672045;conf/vldb/RamanH01;0.7288369238376617;
673006;conf/vldb/Brin95;0.7288369238376617;
564761;conf/sigmod/Team02;0.806350827217102;
671855;conf/vldb/KemmeA00;0.7288369238376617;
672014;conf/vldb/BeneventanoBCCGMMV00;0.7288369238376617;
212019;journals/sigmod/RisheSBDOALOSS95;0.8613249361515045;
670991;conf/vldb/LlirbatST97;0.7288369238376617;
671522;conf/vldb/CareyCNVDRSM99;0.7288369238376617;
672209;conf/vldb/FegarasE01;0.7288369238376617;
767138;journals/vldb/SuHHHLWLPLL01;0.8356010317802429;
507237;journals/tods/LiuDL02;0.8301584422588348;
671851;conf/vldb/ChakrabartiGRS00;0.7288369238376617;
672378;conf/vldb/MaedaT01;0.7288369238376617;
673167;conf/vldb/SteinbrunnPMK95;0.7288369238376617;
673464;conf/vldb/ViverosNR96;0.7288369238376617;
756661;conf/vldb/RamakrishnanGRSWZ95;0.7288369238376617;
671326;conf/vldb/MiloZ98;0.7288369238376617;
671024;conf/vldb/OzsuVU98;0.7288369238376617;
672012;conf/vldb/Ramaswamy00;0.7288369238376617;
950483;journals/vldb/RamamurthyDS03;0.8356010317802429;
758373;conf/vldb/KoudasMJ99;0.7288369238376617;
673628;conf/vldb/ChatziantoniouR96;0.7288369238376617;
672016;conf/vldb/BalminPP00;0.7288369238376617;
672350;conf/vldb/NishioSTTL01;0.7288369238376617;
671502;conf/vldb/Dayal99;0.7288369238376617;
672996;conf/vldb/JohnsonS94;0.7288369238376617;
564784;conf/sigmod/HinneburgKW02;0.806350827217102;
672366;conf/vldb/SatheS01;0.7288369238376617;
363956;journals/tods/Meo00;0.8301584422588348;
671688;conf/vldb/JarkeKL00;0.7288369238376617;
672006;conf/vldb/MendelzonV00;0.7288369238376617;
505049;journals/tods/Snodgrass01a;0.8301584422588348;
505055;journals/tods/Snodgrass01a;0.8301584422588348;
641269;journals/tods/Snodgrass01a;0.8232233226299286;
671197;conf/vldb/HelmerWM98;0.7288369238376617;
672018;conf/vldb/DuttaDMRT00;0.7288369238376617;
673313;conf/vldb/DidriksenGD95;0.7288369238376617;
671021;conf/vldb/ChavdaW97;0.7288369238376617;
673641;conf/vldb/FaloutsosJS97;0.7288369238376617;
673651;conf/vldb/MorimotoIM97;0.7288369238376617;
673659;conf/vldb/ChakrabartiDAR97;0.7288369238376617;
758371;conf/vldb/FankhauserGLMT98;0.7288369238376617;
672985;conf/vldb/BrownCC94;0.7288369238376617;
604262;journals/sigmod/RossNO03;0.8613249361515045;
602302;journals/sigmod/RossNO03;0.8613249361515045;
672995;conf/vldb/SreenathS94;0.7288369238376617;
187439;journals/sigmod/Group94;0.7900778949260712;
673638;conf/vldb/PoosalaI97;0.7288369238376617;
945734;journals/sigmod/OoiST03;0.8613249361515045;
672192;conf/vldb/VeltriCV01;0.7288369238376617;
673662;conf/vldb/VassalosP97;0.7288369238376617;
671183;conf/vldb/RastogiS98;0.7288369238376617;
671188;conf/vldb/GarciaLL98;0.7288369238376617;
672992;conf/vldb/BernsteinD94;0.7288369238376617;
671179;conf/vldb/ShivakumarGC98;0.7288369238376617;
671667;conf/vldb/JagadishMN99;0.7288369238376617;
767143;journals/vldb/PucheralBVB01;0.8356010317802429;
673004;conf/vldb/MartinC94;0.7288369238376617;
671363;conf/vldb/VorugantiOU99;0.7288369238376617;
958944;journals/tods/LakshmananLN03;0.8301584422588348;
673652;conf/vldb/BaumannFRW97;0.7288369238376617;
945723;journals/sigmod/Snodgrass03b;0.8613249361515045;
564727;conf/sigmod/BrunoKS02;0.806350827217102;
672972;conf/vldb/LevySSZ94;0.7288369238376617;
671497;conf/vldb/AbiteboulAAACHHMMMMSTV99;0.7288369238376617;
673481;conf/vldb/PapakonstantinouAG96;0.7288369238376617;
671199;conf/vldb/Slutz98;0.7288369238376617;
671026;conf/vldb/MuthOPW98;0.7288369238376617;
581753;journals/tods/GibbonsMP02;0.8301584422588348;
673327;conf/vldb/Hess96;0.7288369238376617;
767144;journals/vldb/ShanmugasundaramSBCLPR01;0.8356010317802429;
564773;conf/sigmod/KarbhariRXD02;0.806350827217102;
505049;journals/tods/Snodgrass01;0.8301584422588348;
505055;journals/tods/Snodgrass01;0.8301584422588348;
641269;journals/tods/Snodgrass01;0.8232233226299286;
673303;conf/vldb/SeligmanBNSW95;0.7288369238376617;
758377;conf/vldb/YuV00;0.7288369238376617;
671512;conf/vldb/KumarRRT99;0.7288369238376617;
672179;conf/vldb/BlokWZPAKJ01;0.7288369238376617;
673646;conf/vldb/ChaudhuriN97;0.7288369238376617;
673483;conf/vldb/Klots96;0.7288369238376617;
671353;conf/vldb/Campbell99;0.7288369238376617;
670995;conf/vldb/HaasKWY97;0.7288369238376617;
671504;conf/vldb/PitouraC99;0.7288369238376617;
758369;conf/vldb/WangYM97;0.7288369238376617;
950484;journals/vldb/ChanGR03;0.8356010317802429;
672044;conf/vldb/ChaudhuriS01;0.7288369238376617;
383893;journals/tods/FukudaMMT01;0.8301584422588348;
673142;conf/vldb/RusinkiewiczKTWM95;0.7288369238376617;
671872;conf/vldb/RamsakMFZEB00;0.7288369238376617;
673146;conf/vldb/SistlaYLL95;0.7288369238376617;
673465;conf/vldb/CareyD96;0.7288369238376617;
671874;conf/vldb/JohnsonA00;0.7288369238376617;
758378;conf/vldb/ChakrabartiSST00;0.7288369238376617;
503102;journals/tods/LakshmananSS01;0.8301584422588348;
672963;conf/vldb/XieH94;0.7288369238376617;
776990;journals/sigmod/dOnofrioP03;0.8613249361515045;
945725;journals/sigmod/AilamakiH03;0.8613249361515045;
767133;journals/vldb/Atkinson00;0.8356010317802429;
765219;journals/vldb/Atkinson00;0.8356010317802429;
765234;journals/vldb/Atkinson00;0.8356010317802429;
767142;journals/vldb/Atkinson00;0.8356010317802429;
953239;journals/vldb/Atkinson00;0.8356010317802429;
950482;journals/vldb/Atkinson00;0.8356010317802429;
673141;conf/vldb/SumiyaYTSI95;0.7288369238376617;
673134;conf/vldb/HanF95;0.7288369238376617;
671198;conf/vldb/AnkerstBKS98;0.7288369238376617;
673488;conf/vldb/Suciu96a;0.7288369238376617;
671863;conf/vldb/LakshmananJN00;0.7288369238376617;
357777;journals/tods/CuiWW00;0.8301584422588348;
672826;conf/vldb/LiC94;0.7288369238376617;
670997;conf/vldb/GinisHKMT97;0.7288369238376617;
672017;conf/vldb/GantiLR00;0.7288369238376617;
672184;conf/vldb/Gentili01;0.7288369238376617;
756647;conf/vldb/GuPS00;0.7288369238376617;
564786;conf/sigmod/RundensteinerWYD02;0.806350827217102;
671160;conf/vldb/GraefeBC98;0.7288369238376617;
673639;conf/vldb/GyssensL97;0.7288369238376617;
671012;conf/vldb/DesslochM97;0.7288369238376617;
604262;journals/sigmod/RossKMV02;0.8613249361515045;
602302;journals/sigmod/RossKMV02;0.8613249361515045;
672347;conf/vldb/ChungCLL01;0.7288369238376617;
672979;conf/vldb/WienerN94;0.7288369238376617;
672357;conf/vldb/AndreiV01;0.7288369238376617;
762473;journals/tods/KarpSP03;0.8301584422588348;
375680;journals/tods/ChakrabartiKMP02;0.7807354927062988;
568520;journals/tods/ChakrabartiKMP02;0.8301584422588348;
672035;conf/vldb/LiM01;0.7288369238376617;
