First Object;Second Object;similaridade
restaurant.[32];restaurant.[42];0.7287678321202596
restaurant.[13];restaurant.[14];0.9612794717152914
restaurant.[35];restaurant.[36];0.9516176382700602
restaurant.[57];restaurant.[58];0.8853987058003744
restaurant.[746];restaurant.[747];0.8666666547457377
restaurant.[71];restaurant.[72];0.9612794717152914
restaurant.[93];restaurant.[94];0.9612794717152914
restaurant.[100];restaurant.[99];0.8785654703776041
restaurant.[240];restaurant.[244];0.7458207607269287
restaurant.[39];restaurant.[40];0.9612794717152914
restaurant.[103];restaurant.[104];0.9158249100049337
restaurant.[3];restaurant.[4];0.9118967652320862
restaurant.[147];restaurant.[148];0.9215969244639078
restaurant.[161];restaurant.[162];0.9612794717152914
restaurant.[213];restaurant.[214];0.9612794717152914
restaurant.[119];restaurant.[120];0.9612794717152914
restaurant.[25];restaurant.[26];0.9137673179308573
restaurant.[47];restaurant.[48];0.9612794717152914
restaurant.[61];restaurant.[62];0.9104485710461935
restaurant.[83];restaurant.[84];0.9612794717152914
restaurant.[29];restaurant.[30];0.9612794717152914
restaurant.[317];restaurant.[319];0.7224658727645874
restaurant.[312];restaurant.[319];0.7754035194714864
restaurant.[319];restaurant.[322];0.7828675309816996
restaurant.[319];restaurant.[321];0.782059113184611
restaurant.[312];restaurant.[317];0.7573505640029907
restaurant.[317];restaurant.[322];0.6882674694061279
restaurant.[317];restaurant.[321];0.7012392481168112
restaurant.[312];restaurant.[322];0.7239687840143839
restaurant.[312];restaurant.[321];0.6976834138234457
restaurant.[321];restaurant.[322];0.7612849871317545
restaurant.[115];restaurant.[116];0.9554315209388733
restaurant.[137];restaurant.[138];0.8984775543212891
restaurant.[394];restaurant.[735];0.6754375497500101
restaurant.[735];restaurant.[79];0.7321598132451376
restaurant.[399];restaurant.[735];0.6649927298227946
restaurant.[735];restaurant.[80];0.7661104202270508
restaurant.[398];restaurant.[735];0.7351139585177103
restaurant.[441];restaurant.[735];0.6682336131731669
restaurant.[394];restaurant.[79];0.7591473658879598
restaurant.[394];restaurant.[399];0.6240001022815704
restaurant.[394];restaurant.[80];0.7386446992556254
restaurant.[394];restaurant.[398];0.68494779864947
restaurant.[394];restaurant.[441];0.6736467580000559
restaurant.[399];restaurant.[79];0.7129768331845602
restaurant.[79];restaurant.[80];0.9612794717152914
restaurant.[398];restaurant.[79];0.5052909851074219
restaurant.[441];restaurant.[79];0.6945767203966776
restaurant.[399];restaurant.[80];0.6773134271303812
restaurant.[398];restaurant.[399];0.8163839181264242
restaurant.[399];restaurant.[441];0.7281704545021057
restaurant.[398];restaurant.[80];0.4682539701461792
restaurant.[441];restaurant.[80];0.6919312278429667
restaurant.[398];restaurant.[441];0.7888889114061991
restaurant.[151];restaurant.[152];0.901219387849172
restaurant.[173];restaurant.[174];0.9612794717152914
restaurant.[195];restaurant.[196];0.94276096423467
restaurant.[203];restaurant.[204];0.9194324215253195
restaurant.[15];restaurant.[16];0.8541556000709534
restaurant.[37];restaurant.[38];0.9713804721832275
restaurant.[51];restaurant.[52];0.9534446994463602
restaurant.[73];restaurant.[74];0.8926767508188883
restaurant.[777];restaurant.[778];0.8159737388292948
restaurant.[149];restaurant.[150];0.8876124024391174
restaurant.[19];restaurant.[20];0.9118967652320862
restaurant.[101];restaurant.[102];0.9612794717152914
restaurant.[316];restaurant.[54];0.6863787770271301
restaurant.[315];restaurant.[54];0.722398579120636
restaurant.[53];restaurant.[54];0.9612794717152914
restaurant.[315];restaurant.[316];0.7213955918947855
restaurant.[316];restaurant.[53];0.6940947969754537
restaurant.[315];restaurant.[53];0.7429012457529703
restaurant.[123];restaurant.[124];0.881279468536377
restaurant.[145];restaurant.[146];0.9217263261477152
restaurant.[167];restaurant.[168];0.9026375015576681
restaurant.[184];restaurant.[823];0.9419065515200297
restaurant.[182];restaurant.[184];0.49377524852752686
restaurant.[180];restaurant.[184];0.7479363481203715
restaurant.[181];restaurant.[184];0.6467198630174001
restaurant.[179];restaurant.[184];0.7007841865221659
restaurant.[182];restaurant.[823];0.7237576246261597
restaurant.[180];restaurant.[823];0.7746394276618958
restaurant.[181];restaurant.[823];0.6580316225687662
restaurant.[179];restaurant.[823];0.6979044477144877
restaurant.[180];restaurant.[182];0.9260582129160563
restaurant.[181];restaurant.[182];0.8990380167961121
restaurant.[179];restaurant.[182];0.8343298435211182
restaurant.[180];restaurant.[181];0.8449735641479492
restaurant.[179];restaurant.[180];0.8910718957583109
restaurant.[179];restaurant.[181];0.9167989293734232
restaurant.[211];restaurant.[212];0.868686854839325
restaurant.[544];restaurant.[561];0.8024367690086365
restaurant.[63];restaurant.[64];0.9713804721832275
restaurant.[139];restaurant.[140];0.8380537629127502
restaurant.[113];restaurant.[114];0.9024149576822916
restaurant.[135];restaurant.[136];0.9665495554606119
restaurant.[89];restaurant.[90];0.9612794717152914
restaurant.[157];restaurant.[158];0.9423978328704834
restaurant.[171];restaurant.[172];0.8921586871147156
restaurant.[193];restaurant.[194];0.9612794717152914
restaurant.[201];restaurant.[202];0.9612794717152914
restaurant.[223];restaurant.[224];0.9713804721832275
restaurant.[17];restaurant.[18];0.9612794717152914
restaurant.[233];restaurant.[455];0.7592371900876363
restaurant.[76];restaurant.[87];0.7484330534934998
restaurant.[76];restaurant.[88];0.7196106115976969
restaurant.[75];restaurant.[76];0.9612794717152914
restaurant.[87];restaurant.[88];0.9030044078826904
restaurant.[75];restaurant.[87];0.7700379689534506
restaurant.[75];restaurant.[88];0.6980056961377462
restaurant.[97];restaurant.[98];0.8954358299573263
restaurant.[169];restaurant.[170];0.9612794717152914
restaurant.[107];restaurant.[108];0.9612794717152914
restaurant.[7];restaurant.[8];0.9713804721832275
restaurant.[121];restaurant.[122];0.8075960874557495
restaurant.[421];restaurant.[427];0.7508649031321207
restaurant.[165];restaurant.[166];0.9366796215375265
restaurant.[187];restaurant.[188];0.9612794717152914
restaurant.[217];restaurant.[218];0.9412631193796793
restaurant.[43];restaurant.[44];0.9612794717152914
restaurant.[65];restaurant.[66];0.9713804721832275
restaurant.[10];restaurant.[9];0.9612794717152914
restaurant.[159];restaurant.[160];0.9030784169832865
restaurant.[153];restaurant.[160];0.6455026666323344
restaurant.[154];restaurant.[160];0.732779880364736
restaurant.[153];restaurant.[159];0.699999988079071
restaurant.[154];restaurant.[159];0.6358611186345419
restaurant.[153];restaurant.[154];0.8548161387443542
restaurant.[111];restaurant.[112];0.9612794717152914
restaurant.[133];restaurant.[134];0.8946211735407511
restaurant.[155];restaurant.[156];0.895357072353363
restaurant.[69];restaurant.[70];0.9081393678983053
restaurant.[177];restaurant.[178];0.9263277053833008
restaurant.[191];restaurant.[192];0.9612794717152914
restaurant.[436];restaurant.[470];0.7575736244519552
restaurant.[346];restaurant.[404];0.7701956033706665
restaurant.[207];restaurant.[208];0.9713804721832275
restaurant.[221];restaurant.[222];0.891336460908254
restaurant.[109];restaurant.[110];0.9001683592796326
restaurant.[11];restaurant.[12];0.9612794717152914
restaurant.[33];restaurant.[34];0.9612794717152914
restaurant.[55];restaurant.[56];0.9713804721832275
restaurant.[77];restaurant.[78];0.9713804721832275
restaurant.[189];restaurant.[190];0.9612794717152914
restaurant.[91];restaurant.[92];0.9534446994463602
restaurant.[331];restaurant.[332];0.7303511301676432
restaurant.[105];restaurant.[106];0.9612794717152914
restaurant.[1];restaurant.[2];0.9564485549926758
restaurant.[376];restaurant.[491];0.730189045270284
restaurant.[163];restaurant.[164];0.8886298934618632
restaurant.[185];restaurant.[186];0.9378876686096191
restaurant.[199];restaurant.[200];0.9421407183011373
restaurant.[219];restaurant.[220];0.9713804721832275
restaurant.[215];restaurant.[216];0.8778132001558939
restaurant.[793];restaurant.[822];0.7168819506963094
restaurant.[23];restaurant.[24];0.9612794717152914
restaurant.[45];restaurant.[46];0.8892073829968771
restaurant.[67];restaurant.[68];0.9612794717152914
restaurant.[81];restaurant.[82];0.899158239364624
restaurant.[131];restaurant.[132];0.9612794717152914
restaurant.[175];restaurant.[176];0.9192971388498942
restaurant.[49];restaurant.[50];0.9612794717152914
restaurant.[197];restaurant.[198];0.9713804721832275
restaurant.[209];restaurant.[210];0.9713804721832275
restaurant.[205];restaurant.[206];0.9713804721832275
