673321;conf/vldb/PoosalaI96;0.9096123079458872;
673484;conf/vldb/GardarinGT96;0.8310448825359344;
673135;conf/vldb/HoelS95;0.9096123079458872;
304219;conf/sigmod/Keim99;0.8695190449555715;
672977;conf/vldb/KemperK94;0.9096123079458872;
767145;journals/vldb/ChangG01;0.8297302921613058;
673491;conf/vldb/ShaferAM96;0.9096123079458872;
672029;conf/vldb/CuiW01;0.9096123079458872;
565135;journals/sigmod/Hammer02;0.9063626726468405;
671873;conf/vldb/Bar-YossefBCFW00;0.9096123079458872;
673475;conf/vldb/BertinoBFS96;0.8506867388884226;
671496;conf/vldb/ChenCFGJMTW99;0.8775373001893362;
672999;conf/vldb/Bernstein94;0.9096123079458872;
672041;conf/vldb/LuoN01;0.8153314093748728;
945737;journals/sigmod/PitouraAPSV03;0.9066345194975535;
304573;conf/sigmod/BraumandlKK99;0.8988489707310995;
672998;conf/vldb/ZemankovaI94;0.8153314093748728;
671016;conf/vldb/BerckenSW97;0.8506867388884226;
673498;conf/vldb/CochranePM96;0.861993283033371;
767093;journals/vldb/SaltenisJ02;0.878533681233724;
641006;journals/sigmod/ChakravarthyAEFO03;0.864348977804184;
672984;conf/vldb/OzdenBRS94;0.8374435206254324;
671661;conf/vldb/NinkHR99;0.813387264808019;
564737;conf/sigmod/WangWYY02;0.8830719987551371;
604280;journals/sigmod/MeltonE01;0.8876068989435831;
673492;conf/vldb/Sheth96;0.9096123079458872;
959073;journals/sigmod/GerlaX03;0.9537749787171682;
672997;conf/vldb/PirotteZMY94;0.8374435206254324;
190631;journals/sigmod/Bertram94;0.898404081662496;
375720;conf/sigmod/TatarinovIHW01;0.8925953110059103;
637435;journals/sigmod/RoantreeS02;0.8057969709237417;
672374;conf/vldb/AnSVKIG01;0.8759405513604482;
671528;conf/vldb/Graefe99;0.9096123079458872;
564754;conf/sigmod/Weininger02;0.935450275739034;
758380;conf/vldb/ChristopheBPV00;0.8506867388884226;
767143;conf/vldb/ChristopheBPV00;0.859664112329483;
671501;conf/vldb/JagadishKNS99;0.8624718487262726;
304230;conf/sigmod/Mohan99;0.8884705603122711;
673169;conf/vldb/GardarinGT95;0.8310448825359344;
671164;conf/vldb/Garcia-MolinaLY98;0.8310448825359344;
248618;journals/sigmod/Qian97;0.8893731435139974;
673666;conf/vldb/EicklerKK97;0.8540567457675934;
564767;conf/sigmod/ZhangMCMR02;0.8925953110059103;
673149;conf/vldb/MoserKK95;0.8310448825359344;
671500;conf/vldb/Sarawagi99;0.9096123079458872;
673158;conf/vldb/WuYCT95;0.8624718487262726;
191942;conf/sigmod/Vaskevitch94;0.8723817865053812;
671692;conf/vldb/PottingerL00;0.9096123079458872;
507369;journals/sigmod/Snodgrass02;0.7772673765818278;
672211;conf/vldb/DayalHL01;0.8310448825359344;
671871;conf/vldb/Bowker00;0.9096123079458872;
375688;conf/sigmod/ChenGM01;0.8116974830627441;
672965;conf/vldb/PoulovassilisS94;0.9096123079458872;
756643;conf/vldb/DeutschPT99;0.9096123079458872;
672359;conf/vldb/Sondag01;0.9096123079458872;
671018;conf/vldb/ShaferA97;0.8153314093748728;
958947;journals/tods/DiaoAFZF03;0.8975992898146311;
671351;conf/vldb/Johnson99;0.9096123079458872;
671365;conf/vldb/ChanI99;0.9096123079458872;
937599;journals/tods/WijesekeraJPH03;0.8712173600991567;
190648;journals/sigmod/MattosD94;0.8496037324269613;
333614;journals/sigmod/PapianiWDN99;0.8468244075775146;
373709;journals/sigmod/MeltonMJKSZ01;0.8449134528636932;
758368;conf/vldb/GarofalakisOS97;0.861993283033371;
304233;conf/sigmod/Suciu99;0.8733587563037872;
673463;conf/vldb/Raghavan96;0.9096123079458872;
604262;journals/sigmod/RossGN03;0.788962185382843;
602302;journals/sigmod/RossGN03;0.788962185382843;
202661;journals/sigmod/Zhang95;0.8948558568954468;
276352;conf/sigmod/ClossmanSHKPB98;0.8304717441399893;
564707;conf/sigmod/KaushikBNK02;0.8538006146748861;
672839;conf/vldb/LevyMS94;0.9096123079458872;
276341;conf/sigmod/FernandezFKLS98;0.8266525169213613;
253330;conf/sigmod/HanKK97;0.790334423383077;
564745;conf/sigmod/SismanisDRK02;0.8765247066815695;
672834;conf/vldb/ChaudhuriS94;0.9096123079458872;
673131;conf/vldb/BestavrosB95;0.9096123079458872;
253299;conf/sigmod/GravanoCGP97;0.8092443645000458;
673502;conf/vldb/BerchtoldKK96;0.7964876592159271;
564750;conf/sigmod/DogacTPPLKTK02;0.9059875011444092;
673296;conf/vldb/HaberIL95;0.8506867388884226;
507236;journals/tods/SchuldtABS02;0.8712173600991567;
191951;conf/sigmod/FlokstraKS94;0.8026168743769327;
671176;conf/vldb/Mihalisin98;0.9096123079458872;
673493;conf/vldb/KornSFSP96;0.8624718487262726;
245886;journals/sigmod/Darwen96;0.8939796586831411;
764203;journals/vldb/Amer-YahiaCLS02;0.8570086359977722;
280350;conf/sigmod/Mohan96;0.8722099264462789;
223860;conf/sigmod/Gettys95;0.881802370150884;
564775;conf/sigmod/FungSG02;0.935450275739034;
582413;journals/tods/FernandezKSMT02;0.875904768705368;
673636;conf/vldb/DiwanRSS96;0.8572340309619904;
671203;conf/vldb/Sterling98;0.9096123079458872;
953239;journals/vldb/AtluriJY03;0.9452003439267477;
373708;journals/sigmod/MotroA03;0.7695689797401428;
959085;journals/sigmod/MotroA03;0.9537749787171682;
672195;conf/vldb/PereiraFJLS01;0.8350767195224762;
671839;conf/vldb/AdiBEY00;0.8506867388884226;
671174;conf/vldb/Pogue98;0.9096123079458872;
673650;conf/vldb/AlsabtiRS97;0.8310448825359344;
564792;conf/sigmod/Cotton02;0.935450275739034;
671328;conf/vldb/ChakrabartiSD98;0.8310448825359344;
564734;conf/sigmod/GaoW02;0.8687836130460104;
672026;conf/vldb/WaasCB01;0.8310448825359344;
671505;conf/vldb/KeimH99;0.8153314093748728;
202672;journals/sigmod/SchlageterBHMSW95;0.8965619007746378;
872786;conf/sigmod/DeligiannakisR03;0.8691682318846384;
564743;conf/sigmod/Aggarwal02;0.935450275739034;
671506;conf/vldb/KemperKW99;0.9096123079458872;
564759;conf/sigmod/PossSKL02;0.8632814884185791;
671028;conf/vldb/VenkataramanZ98;0.9096123079458872;
671201;conf/vldb/EsterKSWX98;0.8518772820631663;
872795;conf/sigmod/FaginKS03;0.8568828503290812;
953243;journals/vldb/MedjahedBE03;0.9452003439267477;
253274;conf/sigmod/HoAMS97;0.8769210875034332;
872804;conf/sigmod/ReissK03;0.7536175350348154;
671663;conf/vldb/RamanRH99;0.8422688146432241;
765240;journals/vldb/TanGO00;0.8862747748692831;
233329;conf/sigmod/Blakeley96;0.7809092998504639;
672983;conf/vldb/SripadaW94;0.8153314093748728;
276366;conf/sigmod/LahiriJJC98;0.8366255064805349;
672022;conf/vldb/ChangG00;0.8153314093748728;
671691;conf/vldb/Blecken00;0.9096123079458872;
377677;journals/tods/KossmannFDA00;0.8849156200885773;
375664;conf/sigmod/HanPDW01;0.8784396946430206;
672202;conf/vldb/CooperSFHS01;0.8818345367908478;
564739;conf/sigmod/ProcopiucJAM02;0.8829638957977295;
776992;journals/sigmod/CaleroPR03;0.8752075533072153;
564801;conf/sigmod/Bussler02;0.935450275739034;
671007;conf/vldb/ChristodoulakisTZ97;0.8310448825359344;
383894;journals/tods/JajodiaSSS01;0.896245688199997;
671513;conf/vldb/BaumannDFRW99;0.8624718487262726;
673470;journals/sigmod/Bhashyam96;0.8553456167380015;
604262;journals/sigmod/RossCGLLM01;0.874767392873764;
602302;journals/sigmod/RossCGLLM01;0.8539340595404307;
671338;conf/vldb/FangSGMU98;0.8667573432127634;
673310;conf/vldb/Vaskevitch95;0.9096123079458872;
671862;conf/vldb/CareyKSSS00;0.8733504315217336;
672042;conf/vldb/GalhardasFSSS01;0.8624718487262726;
673645;journals/vldb/RoySSSA98;0.8032177686691284;
872775;conf/sigmod/MinPC03;0.873563547929128;
671517;conf/vldb/JermaineDO99;0.9096123079458872;
671010;conf/vldb/SeshadriLR97;0.8310448825359344;
375671;conf/sigmod/IpeirotisGS01;0.8061467806498209;
673635;conf/vldb/VermeerA96;0.8506867388884226;
671005;conf/vldb/CiacciaPZ97;0.8310448825359344;
872761;conf/sigmod/Al-KhalifaYJ03;0.8080044388771057;
672348;conf/vldb/BratsbergH01;0.9096123079458872;
672031;conf/vldb/Draluk01;0.9096123079458872;
564749;conf/sigmod/BhattacharyaMBNHS02;0.9166091680526733;
671853;conf/vldb/HvasshovdBT00;0.8422688146432241;
191860;conf/sigmod/MumickP94;0.8853841324647268;
953240;journals/vldb/MaedcheMS03;0.8489753007888794;
641270;journals/vldb/AnGSVKI02;0.9061866203943888;
671006;conf/vldb/ZhangL97;0.826278974612554;
672970;conf/vldb/IyerW94;0.8153314093748728;
672369;conf/vldb/Shmueli01;0.9096123079458872;
671166;conf/vldb/CareyK98;0.8153314093748728;
776989;journals/sigmod/MukhopadhyayGS03;0.886431485414505;
673634;conf/vldb/SeshadriLR96;0.8310448825359344;
604262;journals/sigmod/RossHKRRSS01;0.8799459040164948;
602302;journals/sigmod/RossHKRRSS01;0.8591125706831614;
671175;conf/vldb/BaulierBGJGKKMMNNRSS98;0.8944057126839956;
673000;conf/vldb/BaulierBGJGKKMMNNRSS98;0.7667524019877116;
765692;journals/vldb/AmielBDS96;0.8206750055154165;
765238;journals/vldb/ManegoldBK00;0.9452003439267477;
672987;conf/vldb/MohaniaS94;0.8310448825359344;
191872;conf/sigmod/ColeG94;0.7759519815444946;
672030;conf/vldb/HuntAI01;0.8506867388884226;
564709;conf/sigmod/ZhouR02;0.8411693771680196;
333616;journals/sigmod/GruenwaldBDGSSV99;0.8725420832633972;
673138;conf/vldb/SubietaKL95;0.8310448825359344;
950490;journals/vldb/FungKL03;0.8666329185167948;
758370;conf/vldb/ArunJ98;0.9096123079458872;
375771;conf/sigmod/CatarciS01;0.88181471824646;
604262;journals/sigmod/RossFS02;0.829721063375473;
602302;journals/sigmod/RossFS02;0.829721063375473;
673148;conf/vldb/KonopnickiS95;0.9096123079458872;
673330;conf/vldb/BouganimFV96;0.9096123079458872;
273253;journals/sigmod/Roussopoulos98;0.8872680266698202;
310063;journals/sigmod/SouzaS99;0.8437350690364838;
672196;conf/vldb/Novaretti01;0.9096123079458872;
671869;conf/vldb/HelalL00;0.9096123079458872;
671324;conf/vldb/Amer-YahiaCD98;0.8310448825359344;
672023;conf/vldb/ZengBNN01;0.8624718487262726;
767154;journals/vldb/RahmB01;0.8509194453557333;
758372;conf/vldb/Objectivity98;0.9096123079458872;
191970;conf/sigmod/SagonasSW94a;0.8235446015993754;
776997;journals/sigmod/Stirling03;0.9537749787171682;
564768;conf/sigmod/TheobaldW02;0.935450275739034;
671354;conf/vldb/LeeL99;0.8310448825359344;
671022;conf/vldb/ChangG97;0.9096123079458872;
673496;conf/vldb/IoannidisLGP96;0.7933413585027059;
673295;conf/vldb/HaasNSS95;0.8624718487262726;
671837;conf/vldb/CowleyP00;0.9096123079458872;
223889;conf/sigmod/BuchmannDZH95;0.7982308467229208;
671023;conf/vldb/BamfordBKM98;0.9096123079458872;
673631;conf/vldb/Mohan96;0.9096123079458872;
767097;journals/vldb/FerrariAABC02;0.852750321229299;
672821;conf/vldb/DavisonG94;0.8153314093748728;
375764;conf/sigmod/BertinoCF01;0.7902840872605642;
671867;conf/vldb/BernsteinHJRW00;0.8703285952409109;
673316;conf/vldb/EvangelidisLS95;0.8422688146432241;
601882;journals/sigmod/CruzKLSWY02;0.843563973903656;
564738;conf/sigmod/YangWYH02;0.935450275739034;
671666;conf/vldb/JagadishLS99;0.9096123079458872;
671017;conf/vldb/BohannonLRSSS97;0.9096123079458872;
304589;conf/sigmod/BouguettayaBH99;0.8387272159258524;
671868;conf/vldb/LingLL00;0.8506867388884226;
288089;journals/tods/StolboushkinT98;0.8780160446961721;
603880;journals/sigmod/Huyn01;0.891391654809316;
362136;journals/sigmod/Bussche00;0.9129220048586527;
670996;conf/vldb/HuangJR97;0.9096123079458872;
775455;journals/vldb/VerykiosME03;0.8810503284136454;
673147;conf/vldb/GoyalHSS95;0.8572340309619904;
377665;journals/tods/BohlenJS00;0.8792361319065094;
671187;conf/vldb/SchieferKBLF98;0.8703285952409109;
767095;journals/vldb/Navarro02;0.9452003439267477;
671167;conf/vldb/BaulierBKS98;0.8572340309619904;
764200;journals/vldb/Halevy02;0.9452003439267477;
604262;journals/sigmod/SnodgrassGIMSU98;0.7779916226863861;
602302;journals/sigmod/SnodgrassGIMSU98;0.7779916226863861;
637431;journals/sigmod/BoucelmaCGJLL02;0.862829864025116;
872828;conf/sigmod/KriegelBKPS03;0.8358128269513448;
672990;journals/vldb/TsatalosSI96;0.8355012933413187;
603873;journals/sigmod/HanBP01;0.8980875114599863;
767153;journals/vldb/GrefenVA01;0.8653916517893473;
671178;conf/vldb/Orenstein98;0.9096123079458872;
245907;journals/sigmod/Eisenberg96;0.894171675046285;
671493;conf/vldb/FlorescuLSY99;0.8572340309619904;
872821;conf/sigmod/AbiteboulBCMM03;0.8777152498563131;
604262;journals/sigmod/SnodgrassACFLLORRSV99;0.8089347183704376;
602302;journals/sigmod/SnodgrassACFLLORRSV99;0.8089347183704376;
775453;journals/vldb/Ozsu03;0.8340892195701599;
673333;conf/vldb/RamakrishnanR96;0.8153314093748728;
672353;conf/vldb/TsurAADKW01;0.8703285952409109;
671870;conf/vldb/CarusoCGLM00;0.8624718487262726;
671003;conf/vldb/ChatziantoniouR97;0.8153314093748728;
764202;journals/vldb/FiebigHKMNSW02;0.8699080348014832;
767137;journals/vldb/BraumandlKKKKSS01;0.8699080348014832;
671169;conf/vldb/Shaw98;0.9096123079458872;
673654;conf/vldb/FlorescuKLP97;0.8422688146432241;
564747;conf/sigmod/ChaudhuriGN02;0.9040929079055786;
582411;journals/tods/MayL02;0.8600528140862783;
191908;conf/sigmod/Galindo-Legaria94;0.7645100851853689;
673326;conf/vldb/Dyreson96;0.9096123079458872;
672364;conf/vldb/DattaDTVRF01;0.9096123079458872;
673500;conf/vldb/MeoPC96;0.8310448825359344;
564796;conf/sigmod/Mohan02;0.935450275739034;
673649;conf/vldb/ClaussenKMP97;0.8374435206254324;
959070;journals/sigmod/DemersGRTY03;0.8944508135318756;
671864;conf/vldb/LudasaherGM00;0.861993283033371;
223883;conf/sigmod/Norrie95;0.8862484792868296;
945730;journals/sigmod/Hellerstein03;0.9537749787171682;
564776;conf/sigmod/MaddenH02;0.935450275739034;
672191;conf/vldb/MadhavanBR01;0.8422688146432241;
377676;journals/tods/FegarasM00;0.9433861474196116;
637433;journals/sigmod/MeltonE02;0.8969726959864298;
673661;conf/vldb/PellenkoftLK97;0.8374435206254324;
673160;conf/vldb/BunemanDHOW95;0.8703285952409109;
671516;conf/vldb/GionisIM99;0.8310448825359344;
672213;conf/vldb/NarayananS01;0.8153314093748728;
604262;journals/sigmod/RossAJS02;0.8502518236637115;
602302;journals/sigmod/RossAJS02;0.8502518236637115;
564702;conf/sigmod/ZadorozhnyRVUB02;0.8761261105537415;
937601;journals/tods/Jimenez-PerisPAK03;0.8502166370550791;
383736;journals/tods/DekhtyarRS01;0.9433861474196116;
304236;conf/sigmod/Brown99;0.8900693853696188;
335439;conf/sigmod/SzalayGKT00;0.8283296525478363;
757417;conf/vldb/Leymann01;0.9096123079458872;
671162;conf/vldb/Mina98;0.9096123079458872;
335436;conf/sigmod/OhHP00;0.7542864382266998;
671171;conf/vldb/BonczRK98;0.861993283033371;
672975;conf/vldb/Galindo-LegariaPK94;0.8679456611474355;
777945;journals/tods/GunopulosKMSTS03;0.907124270995458;
671847;conf/vldb/WuFSP00;0.9096123079458872;
673139;conf/vldb/LuTD95;0.8310448825359344;
672825;conf/vldb/Chiueh94;0.9096123079458872;
672040;conf/vldb/LiCHPALHAY01;0.8807448049386343;
304234;conf/sigmod/CareyCNVDRSM99;0.8162893652915955;
672193;conf/vldb/YangG01;0.9096123079458872;
276377;conf/sigmod/OlstonWACELSS98;0.9059875011444092;
953241;journals/vldb/DoanMDDH03;0.8950622876485189;
640996;journals/sigmod/David03;0.8890601098537445;
564777;conf/sigmod/CranorGJSS02;0.8853122194608053;
671029;conf/vldb/OoiGT98;0.8506867388884226;
767131;journals/vldb/FengYLH02;0.9452003439267477;
564698;conf/sigmod/MaddenSHR02;0.880048414071401;
344843;journals/sigmod/KempsterST99;0.8752075533072153;
245900;journals/sigmod/HasanMV96;0.8719196418921152;
673499;conf/vldb/Rengarajan96;0.9096123079458872;
369287;journals/sigmod/Jhingran00;0.8981254200140635;
564706;conf/sigmod/ChungMS02;0.8568828503290812;
672823;conf/vldb/HoelS94;0.8153314093748728;
276357;conf/sigmod/Eaton98;0.8847668568293253;
223896;conf/sigmod/HammerGIPUW95;0.8220829963684082;
604262;journals/sigmod/RossGR03;0.8257303933302561;
602302;journals/sigmod/RossGR03;0.8257303933302561;
945741;journals/sigmod/Anisimov03;0.9467475513617197;
672966;conf/vldb/AnandBH94;0.8572340309619904;
673323;conf/vldb/AcharyaFZ96;0.8506867388884226;
950487;journals/vldb/AgrawalHK03;0.9452003439267477;
959087;journals/sigmod/Hainaut03;0.9537749787171682;
767135;journals/vldb/EyalM01;0.9452003439267477;
950482;journals/vldb/BernsteinIR03;0.8750831484794617;
306133;journals/sigmod/ChristoffelPSL98;0.8368105491002401;
673159;conf/vldb/Sarawagi95;0.9096123079458872;
671865;conf/vldb/BasuFP00;0.81437419851621;
236712;journals/tods/Kuo96;0.8943467438220978;
777944;journals/tods/TaoP03;0.9433861474196116;
271093;journals/sigmod/GuptaHR97;0.8941041926542918;
777004;journals/sigmod/AilamakiG03;0.9537749787171682;
273271;journals/sigmod/Bernstein98;0.8881034453709921;
673660;conf/vldb/WhiteheadSM97;0.9096123079458872;
234900;journals/sigmod/Dogac96;0.9537749787171682;
271089;journals/sigmod/ConradEHRSSSV97;0.8087638914585114;
564741;conf/sigmod/ThaperGIK02;0.935450275739034;
671355;conf/vldb/LiRS99;0.8310448825359344;
176569;journals/tods/BrightHP94;0.8044723073641459;
211419;journals/tods/IoannidisR95;0.7892208298047384;
335376;conf/sigmod/ShenoyHSBBS00;0.8264128665129343;
672356;conf/vldb/GarofalakisG01;0.8540567457675934;
767147;journals/vldb/ChakrabartiGRS01;0.8833018938700358;
564731;conf/sigmod/ChangH02;0.935450275739034;
181569;journals/sigmod/Winslett94;0.9537749787171682;
672019;conf/vldb/PfoserJT00;0.8422688146432241;
671348;conf/vldb/Blum99;0.9096123079458872;
604262;journals/sigmod/RossAA02;0.829721063375473;
602302;journals/sigmod/RossAA02;0.829721063375473;
564697;conf/sigmod/ViglasN02;0.8400172193845113;
671200;conf/vldb/LakshmiZ98;0.8153314093748728;
375727;conf/sigmod/GetoorTK01;0.7923451066017151;
671195;conf/vldb/RezendeS98;0.813387264808019;
671670;conf/vldb/DeRose99;0.9096123079458872;
672032;conf/vldb/BrownG01;0.9096123079458872;
672212;conf/vldb/BonifatiCDS01;0.8506867388884226;
673007;conf/vldb/ChenRS95;0.827133705218633;
671678;conf/vldb/DiaoLCT00;0.8506867388884226;
212018;journals/sigmod/YanG95;0.794185221195221;
673657;conf/vldb/YangKL97;0.9096123079458872;
280355;conf/sigmod/QuassWGHLMNRRAUW96;0.8653403421243032;
336564;conf/sigmod/Sarawagi00;0.8792998890082041;
764205;journals/vldb/ChanFGR02;0.8478088974952698;
671675;conf/vldb/HinneburgAK00;0.9096123079458872;
276391;conf/sigmod/DarEGP98;0.8197951912879944;
671524;conf/vldb/CeriFP99;0.8310448825359344;
290596;journals/sigmod/CheungF98;0.8167750438054403;
673490;conf/vldb/LakshmananSS96;0.9096123079458872;
671694;conf/vldb/CasatiS00;0.9096123079458872;
187457;journals/sigmod/Widom94;0.8966012001037598;
671163;conf/vldb/PapadiasMD98;0.9096123079458872;
672969;conf/vldb/BarjaPFWD94;0.8781853417555491;
671362;conf/vldb/RaoR99;0.8153314093748728;
672215;conf/vldb/AmirKN01;0.8422688146432241;
564765;conf/sigmod/AltinelLKMPLWB02;0.9077206055323283;
352982;journals/tods/KossmannS00;0.9433861474196116;
671020;conf/vldb/AlonsoHST97;0.8679456611474355;
335391;conf/sigmod/ChoG00;0.8799303571383158;
758365;conf/vldb/Korth95;0.9096123079458872;
672217;conf/vldb/TanEO01;0.9096123079458872;
672175;conf/vldb/AgrawalSX01;0.8310448825359344;
637428;journals/sigmod/Grohe02;0.8954496880372366;
872807;conf/sigmod/Bierman03;0.8243391513824463;
197137;conf/sigmod/DogacAEOADAOS94;0.8425272305806478;
673640;conf/vldb/SkubiszewskiV97;0.9096123079458872;
671325;conf/vldb/DarEGP98;0.9096123079458872;
673308;conf/vldb/CabreraRH95;0.9096123079458872;
673332;conf/vldb/Levy96;0.9096123079458872;
673479;conf/vldb/StaudtJ96;0.9096123079458872;
181566;journals/sigmod/MedeirosP94;0.9537749787171682;
304210;conf/sigmod/FlorescuLMS99;0.8071626722812653;
673668;conf/vldb/LiCHH97;0.845462292432785;
601881;journals/sigmod/WinslettCDHZZ02;0.8382374147574106;
507366;journals/sigmod/GobleR02;0.888402928908666;
671189;conf/vldb/ShuklaDN98;0.8422688146432241;
765505;journals/vldb/CombiP01;0.9079494973023733;
672043;conf/vldb/SadriZZA01;0.8572340309619904;
671004;conf/vldb/GarofalakisI97;0.8310448825359344;
223796;conf/sigmod/Freeston95;0.881210466225942;
671190;conf/vldb/GeorgeH98;0.9096123079458872;
671676;conf/vldb/SakuraiYUK00;0.9096123079458872;
671339;conf/vldb/BliujuteJSS98;0.8572340309619904;
564711;conf/sigmod/LiGS02;0.8529716730117798;
767130;journals/vldb/NanopoulosM02;0.9452003439267477;
564769;conf/sigmod/BarbosaMKL02;0.8986397782961527;
671665;conf/vldb/ZurekS99;0.8901191353797913;
765220;journals/vldb/ChidlovskiiB00;0.88897571961085;
671672;conf/vldb/DyresonBJ99;0.8725752731164297;
672182;conf/vldb/BunkerCCMMW01;0.9096123079458872;
673468;conf/vldb/ShethKMWDLPLS96;0.8860420882701874;
564770;conf/sigmod/AbadiC02;0.935450275739034;
672968;conf/vldb/CochinwalaB94;0.9096123079458872;
304216;conf/sigmod/LabioYG99;0.7887602150440216;
673300;conf/vldb/SavasereON95;0.827133705218633;
564746;conf/sigmod/GarofalakisG02;0.8400172193845113;
757416;conf/vldb/PatonG01;0.9096123079458872;
671841;conf/vldb/AltinelF00;0.8153314093748728;
233369;conf/sigmod/GoyalHKMS96;0.8260665337244669;
373699;journals/sigmod/Critchlow01;0.8905427753925323;
671857;conf/vldb/LaneEN00;0.9096123079458872;
872843;conf/sigmod/LakshmananPZ03a;0.8155458668867747;
671693;conf/vldb/PantiSG00;0.8310448825359344;
673485;conf/vldb/GardarinST96;0.8310448825359344;
373684;journals/sigmod/BertinoEH01;0.8472325503826141;
373631;journals/sigmod/BiancheriPP01;0.8800642192363739;
671523;conf/vldb/ChakrabartiBD99;0.9096123079458872;
673494;conf/vldb/ShuklaDNR96;0.8572340309619904;
564699;conf/sigmod/DobraGGR02;0.8735518256823221;
673301;conf/vldb/Meier95;0.9096123079458872;
671184;conf/vldb/JoshiBLL98;0.8506867388884226;
344825;journals/sigmod/GatziuJSV99;0.8326197067896525;
304240;conf/sigmod/KanthRSB99;0.8115369280179342;
223848;conf/sigmod/ZhugeGHW95;0.7913060088952383;
672205;conf/vldb/MignetMAC01;0.8374435206254324;
671514;conf/vldb/GarofalakisRS99;0.8422688146432241;
672974;conf/vldb/DeWittKLPY94;0.8703285952409109;
671336;conf/vldb/Vieille98;0.9096123079458872;
336562;conf/sigmod/BerckenDS00;0.8047961393992106;
564726;conf/sigmod/Ramanan02;0.935450275739034;
671685;conf/vldb/Schnase00;0.9096123079458872;
945728;journals/sigmod/BawaCCDGGKMSSVY03;0.9293243984381357;
375752;conf/sigmod/DeolaseeKPRS01;0.8464394509792328;
672376;conf/vldb/TanSHCR01;0.8624718487262726;
672190;conf/vldb/CasatiDGS01;0.9096123079458872;
233371;conf/sigmod/NguyenS96;0.8837098677953085;
767096;journals/vldb/MihailaRT02;0.9452003439267477;
767142;journals/vldb/AbbadiSW01;0.8778568506240845;
604262;journals/sigmod/RossAKSSY00;0.8490007817745209;
602302;journals/sigmod/RossAKSSY00;0.8698341151078542;
673462;conf/vldb/DarFJST96;0.8474993209044138;
671177;conf/vldb/CherniackZ98;0.9096123079458872;
670998;conf/vldb/WildfogelY97;0.9096123079458872;
672830;conf/vldb/Lesk94;0.9096123079458872;
604262;journals/sigmod/RossHLW01;0.8643972376982371;
602302;journals/sigmod/RossHLW01;0.8435639043649038;
277629;journals/tods/MehrotraRKS98;0.7689866920312246;
191945;conf/sigmod/Englert94;0.8750316500663757;
304211;journals/vldb/MaratheS02;0.8421310683091482;
767098;journals/vldb/MaratheS02;0.9452003439267477;
276371;conf/sigmod/Lassettre98;0.8905339141686758;
671697;conf/vldb/WangHH00;0.8310448825359344;
671019;conf/vldb/BaralisPT97;0.8310448825359344;
253302;conf/sigmod/CareyK97;0.7912375231583914;
671330;conf/vldb/GehrkeRG98;0.8310448825359344;
671510;conf/vldb/DonjerkovicR99;0.9096123079458872;
673132;conf/vldb/BrownS95;0.9096123079458872;
212020;journals/sigmod/RosenthalSMBTL95;0.8421587745348612;
950486;journals/vldb/ChandrasekaranF03;0.9452003439267477;
672201;conf/vldb/BouguettayaEMO01;0.845462292432785;
375723;conf/sigmod/NguyenACP01;0.8450432221094767;
758364;conf/vldb/LuSL95;0.8310448825359344;
564758;conf/sigmod/SzalayGTKMRSv02;0.9227142731348673;
671356;conf/vldb/NaumannLF99;0.8422688146432241;
672038;conf/vldb/Sol01;0.9096123079458872;
202662;journals/sigmod/DogacAOD95;0.84272434314092;
233346;conf/sigmod/LiskovACDGGMMS96;0.8058539231618246;
672186;conf/vldb/AmbiteKKMST01;0.8873900870482127;
381892;journals/sigmod/UrbanDG96;0.832419882218043;
276367;conf/sigmod/Aulakh98;0.935450275739034;
672185;conf/vldb/OConnellWG01;0.8310448825359344;
671360;conf/vldb/WangZL99;0.8422688146432241;
671027;conf/vldb/SilversteinBMU98;0.9096123079458872;
671025;conf/vldb/KornLKF98;0.8506867388884226;
641271;journals/vldb/AilamakiDH02;0.8862747748692831;
671875;conf/vldb/GuntzerBK00;0.813387264808019;
185828;journals/tods/CeriFPT94;0.820350855588913;
564694;conf/sigmod/RiedewaldAA02;0.8681067824363708;
191891;conf/sigmod/KrollW94;0.7948621412118276;
304232;conf/sigmod/HinneburgK99;0.875636080900828;
673140;conf/vldb/Fecteau95;0.9096123079458872;
673309;conf/vldb/TreschPL95;0.8310448825359344;
672203;conf/vldb/ShanmugasundaramKSFF01;0.9096123079458872;
671202;conf/vldb/GibsonKR98;0.8422688146432241;
671193;conf/vldb/GarofalakisIO98;0.8679456611474355;
502033;journals/tods/Ng01;0.9433861474196116;
672180;conf/vldb/CherniackFZ01;0.8506867388884226;
776987;journals/sigmod/JukicNV03;0.9176198939482371;
320252;journals/tods/GravanoGT99;0.8118286828200022;
290595;journals/sigmod/LenzVJS03;0.7089898188908895;
959083;journals/sigmod/LenzVJS03;0.9013967017332712;
564735;conf/sigmod/MoonWH02;0.935450275739034;
673653;conf/vldb/StathatosRB97;0.8422688146432241;
671015;conf/vldb/LeeLWS97;0.8506867388884226;
381897;journals/sigmod/PhatakSSS96;0.8983673552672068;
671846;conf/vldb/ManolescuFKXO00;0.8624718487262726;
505049;journals/vldb/ApersCS02;0.8089737395445505;
505055;journals/vldb/ApersCS02;0.8089737395445505;
641269;journals/vldb/ApersCS02;0.8918242851893107;
276364;conf/sigmod/NgLK98;0.8775030374526978;
375769;conf/sigmod/AgrawalCN01;0.8005714118480682;
671859;conf/vldb/Taylor00;0.9096123079458872;
671698;conf/vldb/Nori00;0.9096123079458872;
937600;journals/tods/JacoxS03;0.8491052488485972;
564715;conf/sigmod/TatarinovVBSSZ02;0.889288604259491;
959084;journals/sigmod/Giorgini03;0.9537749787171682;
236714;journals/tods/RaschidL96;0.8816375037034353;
564799;conf/sigmod/ShashaB02;0.935450275739034;
564798;conf/sigmod/ShashaB02;0.9162542521953583;
673005;conf/vldb/BrownMCL94;0.8624718487262726;
672964;conf/vldb/YanA94;0.8153314093748728;
673655;conf/vldb/SeidlK97;0.9096123079458872;
673320;conf/vldb/Ogawa96;0.8921404977639517;
959086;journals/sigmod/KambhampatiK03;0.9537749787171682;
758381;conf/vldb/AnciauxBBPV01;0.8624718487262726;
335372;conf/sigmod/HanPY00;0.8715089758237203;
872875;conf/sigmod/JohnsonD03;0.8692906598250071;
673476;conf/vldb/McKennaBHT96;0.8572340309619904;
671346;conf/vldb/GoldmanSVG98;0.8506867388884226;
290607;journals/sigmod/ChangGKRS98;0.8785529832045237;
276380;conf/sigmod/Cohen98a;0.8717890580495199;
671032;conf/vldb/George98;0.804203043381373;
304583;conf/sigmod/BonnetBCCCHKMMOSS99;0.8457003037134806;
671508;conf/vldb/Hamilton99;0.9096123079458872;
672021;conf/vldb/JiangSLB00;0.8762789865334829;
276378;conf/sigmod/ChaudhuriN98a;0.820782075325648;
191870;conf/sigmod/IoannidisL94;0.8695896367232004;
219769;journals/sigmod/DrewHKKLLLSW95;0.8545961380004883;
671364;conf/vldb/BonczMK99;0.9096123079458872;
945732;journals/sigmod/TatarinovIMHSDDKMM03;0.9323695997397105;
604262;journals/sigmod/SnodgrassHMOPRRWY98;0.7971635162830353;
602302;journals/sigmod/SnodgrassHMOPRRWY98;0.7971635162830353;
670992;conf/vldb/RothS97;0.8310448825359344;
383892;journals/tods/ChomickiTB01;0.8957671225070953;
673470;conf/vldb/Bhashyam96;0.9096123079458872;
381901;journals/sigmod/Qian96;0.887186586856842;
765852;journals/vldb/AntoshenkovZ96;0.8944547772407532;
564778;conf/sigmod/CrescenziMM02;0.935450275739034;
672358;conf/vldb/ManolopoulosT01;0.9096123079458872;
672189;conf/vldb/BaumgartnerFG01a;0.9096123079458872;
673627;conf/vldb/SrivastavaDJL96;0.9096123079458872;
671507;conf/vldb/GohOST99;0.8624718487262726;
671683;conf/vldb/Banerjee00;0.9096123079458872;
672828;conf/vldb/NgY94;0.9096123079458872;
671499;conf/vldb/ShanmugasundaramGTZDN99;0.8759405513604482;
672829;conf/vldb/SistlaYH94;0.9096123079458872;
190644;journals/sigmod/GroskyFS94;0.8352632323900858;
672820;conf/vldb/MuntzR94;0.8310448825359344;
673643;conf/vldb/NgC97;0.8310448825359344;
673664;conf/vldb/KraissW97;0.9096123079458872;
673486;conf/vldb/Sacks-Davis96;0.9096123079458872;
673335;conf/vldb/Moni96;0.9096123079458872;
671492;conf/vldb/BrodieC99;0.9096123079458872;
671511;conf/vldb/LakshmananSS99;0.9096123079458872;
615234;journals/vldb/AbiteboulB95;0.8789838055769602;
872809;conf/sigmod/GuptaS03;0.879270076751709;
767139;journals/vldb/ShegalovGW01;0.9452003439267477;
673152;conf/vldb/Wang95;0.9096123079458872;
672354;conf/vldb/KoschBBHHLRT01;0.8679456611474355;
671840;conf/vldb/Tsur00;0.9096123079458872;
335474;conf/sigmod/Nori00;0.7825237413247427;
357778;journals/tods/ParsonsW00;0.9433861474196116;
672361;conf/vldb/SundaraHCAS01;0.9096123079458872;
672368;conf/vldb/ManolescuFK01;0.8310448825359344;
672036;conf/vldb/May01;0.9096123079458872;
383737;journals/tods/HsuSY01;0.922555943330129;
672367;conf/vldb/AilamakiDHS01;0.9096123079458872;
304569;conf/sigmod/TrisoliniLN99;0.7921833395957947;
564753;conf/sigmod/BumbulisB02;0.8411693771680196;
202671;journals/sigmod/Jarke95;0.8984831968943278;
672818;conf/vldb/HjelsvoldM94;0.9096123079458872;
673322;conf/vldb/Atal96;0.9096123079458872;
581754;journals/tods/TaoPZ02;0.8648187220096588;
564703;conf/sigmod/DattaDTVSR02;0.8875039418538412;
673156;conf/vldb/Hallmark95;0.9096123079458872;
945739;journals/sigmod/MalaikaEM03;0.8752075533072153;
671858;conf/vldb/MohanBWSZ00;0.8762789865334829;
958948;journals/tods/HjaltasonS03;0.8767194847265879;
673317;conf/vldb/LeslieJBY95;0.8506867388884226;
673472;conf/vldb/Kleewein96;0.9096123079458872;
219760;journals/sigmod/EnglertGH95;0.8960966765880585;
671490;conf/vldb/Pound99;0.9096123079458872;
671681;conf/vldb/RisheYACLMVSV00;0.8834231595198313;
564788;conf/sigmod/HellersteinW02;0.935450275739034;
673501;conf/vldb/RysNS96;0.827133705218633;
765508;journals/vldb/WangW01;0.878533681233724;
507351;journals/sigmod/Bussler02;0.8895706633726755;
304243;conf/sigmod/Hammond99;0.8760627408822378;
564714;conf/sigmod/PapakonstantinouPV02;0.935450275739034;
673302;conf/vldb/AmsalegFG95;0.8422688146432241;
276385;conf/sigmod/LacroixSC98;0.7838792204856873;
959081;journals/sigmod/Wiegand03;0.944565604130427;
767151;journals/vldb/Halevy01;0.9452003439267477;
673489;conf/vldb/Sullivan96;0.9096123079458872;
564785;conf/sigmod/LuWYBLY02;0.935450275739034;
953244;journals/vldb/FiletoLPAM03;0.9452003439267477;
672976;conf/vldb/GutierrezPST94;0.8374435206254324;
673151;conf/vldb/OrensteinK95;0.9096123079458872;
604286;journals/sigmod/ShethMKA01;0.8262060085932413;
959065;journals/sigmod/HellersteinHM03;0.8836577832698822;
672194;conf/vldb/BaumgartnerFG01;0.8310448825359344;
672990;conf/vldb/TsatalosSI94;0.8572340309619904;
671165;conf/vldb/DoDJJR98;0.8667573432127634;
335437;conf/sigmod/RamaswamyRS00;0.7904919485251108;
253277;conf/sigmod/MumickQM97;0.8702477713425955;
673136;conf/vldb/HvasshovdTBH95;0.8572340309619904;
872778;conf/sigmod/Mamoulis03;0.869600772857666;
181557;journals/sigmod/PissinouSEMOPSTD94;0.8597765862941742;
945729;journals/sigmod/AbererCDDHPS03;0.92996546626091;
601869;journals/sigmod/Neven02;0.8935513099034628;
776986;journals/sigmod/GolabO03;0.8871083160241445;
758363;conf/vldb/ShatdalKN94;0.8422688146432241;
375712;conf/sigmod/KalnisP01;0.8701755007108053;
764206;journals/vldb/IvesHW02;0.8711262742678324;
672840;conf/vldb/MedianoCD94;0.8374435206254324;
671662;conf/vldb/AilamakiDHW99;0.8667573432127634;
671358;conf/vldb/Kornacker99;0.9096123079458872;
671008;conf/vldb/GoldmanW97;0.9096123079458872;
276342;conf/sigmod/RajagopalanML98;0.8239532907803854;
672842;conf/vldb/LitwinNS94;0.9096123079458872;
564790;conf/sigmod/Bonnet02;0.935450275739034;
271095;journals/sigmod/JajodiaBBKMSW97;0.8467865387598673;
502032;journals/tods/LiC01;0.8269810775915781;
673473;conf/vldb/Hammond96;0.9096123079458872;
673633;conf/vldb/CareyHMW96;0.8612619439760844;
764201;journals/vldb/JagadishACLNPPSWWY02;0.8972303867340088;
672351;conf/vldb/Gibbons01;0.9096123079458872;
671491;conf/vldb/PedersenJD99;0.8572340309619904;
362104;journals/sigmod/TheodoridisN00;0.8023522098859152;
672187;conf/vldb/MorishimaKKT01;0.8506867388884226;
671000;conf/vldb/HumborstadSHT97;0.8374435206254324;
601865;journals/sigmod/Aberer03d;0.9329416453838348;
604274;journals/sigmod/Aberer03d;0.9329416453838348;
507353;journals/sigmod/Aberer03d;0.9329416453838348;
565129;journals/sigmod/Aberer03d;0.9329416453838348;
637424;journals/sigmod/Aberer03d;0.9329416453838348;
776994;journals/sigmod/Aberer03d;0.9537749787171682;
959078;journals/sigmod/Aberer03d;0.9537749787171682;
640997;journals/sigmod/MarchiLPT03;0.8896249632040659;
223861;conf/sigmod/Hope95;0.8877347310384115;
564799;conf/sigmod/ShashaB02a;0.9162542521953583;
564798;conf/sigmod/ShashaB02a;0.935450275739034;
671347;conf/vldb/AcharyaGP99;0.9096123079458872;
564779;conf/sigmod/FlorescuGKR02;0.8632814884185791;
672978;conf/vldb/JonscherD94;0.8153314093748728;
872865;conf/sigmod/AgrawalK03;0.8689101338386536;
672176;conf/vldb/DongHLPW01;0.8703285952409109;
872832;conf/sigmod/DeHaanTCO03;0.828725794951121;
672831;conf/vldb/TeisseirePC94;0.9096123079458872;
765565;journals/vldb/MuckP97;0.826271136601766;
564729;conf/sigmod/VriesMNK02;0.8853122194608053;
672841;conf/vldb/BrinkhoffK94;0.9096123079458872;
672988;conf/vldb/FrohnLU94;0.8540567457675934;
958946;journals/tods/Chomicki03;0.9433861474196116;
673642;conf/vldb/MalonM97;0.9096123079458872;
872820;conf/sigmod/LiBKN03;0.8136951625347137;
958943;journals/tods/TaoSP03;0.8648187220096588;
673325;conf/vldb/Toivonen96;0.9096123079458872;
673165;conf/vldb/EicklerGK95;0.861993283033371;
671696;conf/vldb/ChaudhuriW00;0.9096123079458872;
765239;journals/vldb/RamanRH00;0.8778568506240845;
564766;conf/sigmod/MarklL02;0.88339235385259;
202666;journals/sigmod/Jannink95;0.888115406036377;
671357;conf/vldb/ChengGKLLQS99;0.8818826377391815;
673644;conf/vldb/Huyn97;0.9096123079458872;
672837;conf/vldb/GaasterlandL94;0.9096123079458872;
373697;journals/sigmod/BunemanFSW01;0.8291755517323812;
202670;journals/sigmod/BerraNT95;0.8088192939758301;
564794;conf/sigmod/GarofalakisGR02;0.8546050786972046;
601865;journals/sigmod/Aberer03b;0.9329416453838348;
604274;journals/sigmod/Aberer03b;0.9329416453838348;
507353;journals/sigmod/Aberer03b;0.9329416453838348;
565129;journals/sigmod/Aberer03b;0.9329416453838348;
637424;journals/sigmod/Aberer03b;0.9329416453838348;
776994;journals/sigmod/Aberer03b;0.9537749787171682;
959078;journals/sigmod/Aberer03b;0.9537749787171682;
671529;conf/vldb/KnorrN99;0.8310448825359344;
777002;journals/sigmod/CampbellEM03;0.886431485414505;
950488;journals/vldb/ChakrabartiRS03;0.8646848499774933;
673133;conf/vldb/Bayer95;0.9096123079458872;
673669;conf/vldb/GibbonsMP97;0.9096123079458872;
671341;conf/vldb/BraumandlCK98;0.8310448825359344;
673471;conf/vldb/Celis96;0.9096123079458872;
672181;conf/vldb/DillKMRST01;0.8733504315217336;
959062;journals/sigmod/Snodgrass03c;0.8613249361515045;
672039;conf/vldb/SindoniTABFGMPPT01;0.887164463599523;
671170;conf/vldb/RamaswamyMS98;0.9096123079458872;
673161;conf/vldb/Lindsay95;0.8847739895184835;
507235;journals/tods/Suciu02;0.9433861474196116;
673630;conf/vldb/Malaika96;0.9096123079458872;
672034;conf/vldb/AboulnagaAN01;0.8506867388884226;
671702;conf/vldb/DeenJNNW00;0.8733504315217336;
671503;conf/vldb/HoskingC99;0.9096123079458872;
253368;conf/sigmod/Shasha97;0.8730978667736053;
202110;journals/tods/Chen95;0.8778991798559824;
672967;conf/vldb/IdrisGC94;0.8572340309619904;
672986;conf/vldb/MatthesS94;0.8153314093748728;
671190;conf/sigmod/GeorgeH97;0.8215144872665405;
233330;conf/sigmod/GrayHOS96;0.8241824507713318;
959074;journals/sigmod/PalpanasPKG03;0.8948494096597036;
211994;journals/sigmod/AbiteboulH95;0.9068115651607513;
673629;conf/vldb/Suciu96;0.9096123079458872;
672033;conf/vldb/Wadler01;0.9096123079458872;
671340;conf/vldb/ArgePRSV98;0.8667573432127634;
671186;conf/vldb/MorimotoFMTY98;0.8624718487262726;
564742;conf/sigmod/ChoiC02;0.935450275739034;
672174;conf/vldb/GilbertKMS01;0.8572340309619904;
564693;conf/sigmod/BunemanKTT02;0.8622110486030579;
872799;conf/sigmod/ArasuG03;0.786757638057073;
248612;journals/sigmod/RosenthalHRS97;0.8144277234872183;
672183;conf/vldb/Kotidis01;0.9096123079458872;
672025;conf/vldb/RaghavanG01;0.9096123079458872;
776996;journals/sigmod/Nascimento03;0.9537749787171682;
765507;journals/vldb/LeeSC01;0.8666329185167948;
187449;journals/sigmod/SnodgrassAABCDEGJKKKLLRSSS94a;0.8703995943069458;
673647;conf/vldb/Jacobs97;0.9096123079458872;
671700;conf/vldb/Carey00;0.9096123079458872;
671701;conf/vldb/AgrawalCN00;0.9096123079458872;
672373;conf/vldb/ChienTZ01;0.8422688146432241;
672028;conf/vldb/KahveciS01;0.9096123079458872;
672980;conf/vldb/Guting94;0.7985011835892996;
672377;conf/vldb/LahiriSCMC01;0.8624718487262726;
641274;journals/vldb/HuntAI02;0.8862747748692831;
671013;conf/vldb/JagadishNSSK97;0.8733504315217336;
959066;journals/sigmod/Mani03;0.9537749787171682;
765504;journals/vldb/NguSHL01;0.9059166312217712;
950491;journals/vldb/Li03;0.9452003439267477;
277639;journals/tods/KonopnickiS98;0.8917115231355032;
335375;conf/sigmod/RiedelFGN00;0.8206352094809214;
671852;conf/vldb/ChakrabartiM00;0.9096123079458872;
672199;conf/vldb/CareyKRLABFLOPQRSSUVWY01;0.8978271981080373;
288088;journals/tods/Revesz98;0.8779540459314982;
671327;conf/vldb/JohnsonM98;0.8153314093748728;
672370;conf/vldb/MeccaCM01;0.9096123079458872;
564718;conf/sigmod/GillmannWW02;0.8568828503290812;
672214;conf/vldb/Duranti01;0.9096123079458872;
277955;conf/sigmod/Epstein95;0.935450275739034;
673306;conf/vldb/Madnick95;0.9096123079458872;
671842;conf/vldb/PedersenJD00;0.8572340309619904;
290605;journals/sigmod/FlorescuLM98;0.8216941654682159;
671854;conf/vldb/DiligentiCLGG00;0.8667573432127634;
223892;conf/sigmod/ThomasDM95;0.7610880732536316;
776999;journals/sigmod/Vianu03;0.9537749787171682;
564701;conf/sigmod/OlstonW02;0.935450275739034;
219772;journals/sigmod/Qian95b;0.9177316228548685;
775457;journals/vldb/MedjahedBBNE03;0.8601586818695068;
872848;conf/sigmod/LarsonG03;0.7758820255597433;
276390;conf/sigmod/CeriFP98;0.808271735906601;
672046;conf/vldb/AksoyZF01;0.8506867388884226;
673307;conf/vldb/MogiK95;0.9096123079458872;
673168;conf/vldb/WienerN95;0.8310448825359344;
945731;journals/sigmod/NejdlSS03;0.9537749787171682;
959064;journals/sigmod/Kumar03;0.9537749787171682;
320249;conf/vldb/ChaudhuriS96;0.8521507581075033;
673461;conf/vldb/ChaudhuriS96;0.9096123079458872;
673496;conf/sigmod/IoannidisLANT97;0.7599940598011017;
950492;journals/vldb/ChuaCL03;0.8874653180440267;
604262;journals/sigmod/CherniakV03;0.8257303933302561;
602302;journals/sigmod/CherniakV03;0.8257303933302561;
673487;conf/vldb/FaloutsosG96;0.9096123079458872;
756664;conf/vldb/Dasgupta96;0.9096123079458872;
672015;conf/vldb/CotterB00;0.8310448825359344;
604262;journals/sigmod/RossIJP00;0.8502518236637115;
602302;journals/sigmod/RossIJP00;0.8710851569970449;
671844;conf/vldb/KriegelPS00;0.813387264808019;
673658;conf/vldb/SellisRF97;0.8422688146432241;
564722;conf/sigmod/BrunoC02;0.935450275739034;
672822;conf/vldb/ChawatheCY94;0.9096123079458872;
671530;conf/vldb/VriesDBA99;0.9096123079458872;
671185;conf/vldb/MengLYWCR98;0.8733504315217336;
673314;conf/vldb/FerrandinaMZFM95;0.8762789865334829;
672204;conf/vldb/WiesnerK01;0.9096123079458872;
671349;conf/vldb/McHughW99;0.9096123079458872;
765564;journals/vldb/BohmAnY97;0.8156180083751678;
671525;conf/vldb/CarinoOBS99;0.845462292432785;
373705;journals/sigmod/CarmelMS01;0.8373200396696726;
672013;conf/vldb/DingGS00;0.9096123079458872;
276382;conf/sigmod/LiYVGPUV98;0.8332789639631907;
672355;conf/vldb/AbrolLMMMRTWZ01;0.8834231595198313;
672007;conf/vldb/RamamrithamABEGP00;0.8759405513604482;
672991;conf/vldb/FerrandinaMZ94;0.9096123079458872;
950485;journals/vldb/AbadiCCCCLSTZ03;0.9051244854927063;
191929;conf/sigmod/Carey94;0.8769550422827402;
564723;conf/sigmod/RamanH02;0.8411693771680196;
383735;journals/tods/AndriesCPB01;0.8856511215368906;
304248;conf/sigmod/BergstraesserBPS99;0.8865001598993937;
381882;journals/sigmod/AdelbergKG96;0.9537749787171682;
304584;conf/sigmod/RoussopoulosKS99;0.8028950790564219;
304188;conf/sigmod/AggarwalPWYP99;0.8330554664134979;
564755;conf/sigmod/KanthRA02;0.8632814884185791;
253401;conf/sigmod/BohrerBBCFHKKMNRRSUUW97a;0.884183923403422;
765236;journals/vldb/ClaussenKKW00;0.8109204570452372;
671009;conf/vldb/KumarKA97;0.9096123079458872;
191937;conf/sigmod/Cattell94;0.8733961780865988;
601873;journals/sigmod/LightstoneLZ02;0.8038533926010132;
872860;conf/sigmod/ZhouWGGZWXYF03;0.8590764403343201;
672349;conf/vldb/StillgerLMK01;0.8572340309619904;
274461;journals/sigmod/BaaderJN97;0.8892936706542969;
671191;conf/vldb/JagadishKMPSS98;0.8759405513604482;
673474;conf/vldb/BohlenSS96;0.845462292432785;
233322;conf/sigmod/OzdenRSS96;0.7859072983264923;
767129;journals/vldb/HjaltasonS02;0.878533681233724;
671519;conf/vldb/TanGO99;0.8506867388884226;
672206;conf/vldb/ZhouLZLZJT01;0.8759405513604482;
271080;journals/sigmod/AtzeniMM97;0.8135718703269958;
673153;conf/vldb/YanG95;0.9096123079458872;
767146;journals/vldb/PottingerH01;0.8931424220403036;
672994;conf/vldb/ChakravarthyKAK94;0.8506867388884226;
276370;conf/sigmod/Chong98;0.8785658280054728;
262767;journals/sigmod/JukicV97;0.8550469974676768;
765235;journals/vldb/BernsteinPS00;0.8778568506240845;
673643;journals/vldb/NgC98;0.8093121449152628;
872767;conf/sigmod/WitkowskiBBDFGSS03;0.8993658820788065;
352983;journals/tods/Lerner00;0.9433861474196116;
564762;conf/sigmod/AntonJLPZZ02;0.8961665630340576;
673164;conf/vldb/AmmannJR95;0.8310448825359344;
564781;conf/sigmod/HanWDPW02;0.935450275739034;
767152;journals/vldb/LaurentLSV01;0.8349606990814209;
671682;conf/vldb/ShahabiFKF00;0.8572340309619904;
672993;conf/vldb/Spaccapietra94;0.8638304173946381;
671329;conf/vldb/Ganguly98;0.9096123079458872;
872866;conf/sigmod/ZhuSZ03;0.8023739357789358;
564721;conf/sigmod/LuoEHN02;0.8853122194608053;
765804;journals/vldb/ShyyASL96;0.8143005271752676;
564695;conf/sigmod/KalnisNOPT02;0.8961665630340576;
671849;conf/vldb/GoldsteinR00;0.9096123079458872;
671687;conf/vldb/WangZ00;0.9096123079458872;
671350;conf/vldb/SahuguetA99;0.9096123079458872;
670993;conf/vldb/RossS97;0.8153314093748728;
672198;conf/vldb/BohmMSW01;0.826278974612554;
564782;conf/sigmod/AgrawalCD02;0.8568828503290812;
641273;journals/vldb/AguileraCMVV02;0.8980598847071329;
672192;journals/vldb/AguileraCMVV02;0.753646453221639;
872845;conf/sigmod/OoiTZGLLLNSWZ03;0.8510372936725616;
671668;conf/vldb/KonigW99;0.8429456452528635;
564717;conf/sigmod/HacigumusILM02;0.852404793103536;
950494;journals/vldb/YangW03;0.9452003439267477;
233344;conf/sigmod/DohertyHR96;0.7978489200274149;
564783;conf/sigmod/PhanN02;0.892771323521932;
673162;conf/vldb/Spintzik95;0.9096123079458872;
671876;conf/vldb/CeriCW00;0.8310448825359344;
673157;conf/vldb/AgrawalPWZ95;0.8572340309619904;
758374;conf/vldb/ZirintsisKM99;0.8506867388884226;
344822;journals/sigmod/BonifatiC00;0.8956340352694193;
673469;conf/vldb/LevyRO96;0.9096123079458872;
777000;journals/sigmod/ChongFTSYKDJJ03;0.9289642075697581;
672832;conf/vldb/LuOT94;0.8422688146432241;
565122;journals/sigmod/Wiegand02;0.8933563530445099;
672360;conf/vldb/Mohan01;0.9096123079458872;
673648;conf/vldb/Jamil97;0.9096123079458872;
564774;conf/sigmod/WangTYGWP02;0.8961665630340576;
671335;conf/vldb/BelloDDFNSWZ98;0.8845101296901703;
672982;conf/vldb/AmielBDS94;0.8506867388884226;
671173;conf/vldb/Moerkotte98;0.9096123079458872;
615187;journals/vldb/WhangKW94;0.7795381049315134;
671331;conf/vldb/IshikawaSF98;0.8310448825359344;
672188;conf/vldb/UrhanF01;0.9096123079458872;
671680;conf/vldb/Brodie00;0.9096123079458872;
872862;conf/sigmod/PaparizosACJLNPSWWY03;0.8555027445157369;
672827;conf/vldb/NgH94;0.9096123079458872;
673144;conf/vldb/MillinerBP95;0.9096123079458872;
671196;conf/vldb/ZimbraoS98;0.8310448825359344;
253293;conf/sigmod/AcharyaFZ97;0.7897515892982483;
673324;conf/vldb/Gupta96;0.9096123079458872;
671495;conf/vldb/TamuraK99;0.9096123079458872;
673001;conf/vldb/KamelF94;0.9096123079458872;
671671;conf/vldb/HaasKU99;0.8422688146432241;
945733;journals/sigmod/ArenasKKKMM03;0.9093634188175201;
673316;journals/vldb/EvangelidisS97;0.7585124174753824;
304196;conf/sigmod/LakshmananNHP99;0.8225091099739075;
945724;journals/sigmod/Halevy03;0.9537749787171682;
253406;conf/sigmod/WangSCRZP97;0.8367683986822764;
604271;journals/sigmod/SayginVC01;0.8126123249530792;
564771;conf/sigmod/ChenRW02;0.8681067824363708;
767128;journals/vldb/SakuraiYUK02;0.9452003439267477;
671192;conf/vldb/WeberSB98;0.813387264808019;
959076;journals/sigmod/CalvaneseGLV03;0.8655832707881927;
672365;conf/vldb/NatsevCSLV01;0.8703285952409109;
352963;journals/tods/GutingBEJLSV00;0.8845411340395609;
672973;conf/vldb/RosenthalS94;0.8153314093748728;
672024;conf/vldb/SakuraiYKU01;0.8506867388884226;
223817;conf/sigmod/GuptaMR95;0.828956405321757;
945722;journals/sigmod/NascimentoSP03;0.9061559538046519;
604262;journals/sigmod/RossCGJBV99;0.793203721443812;
602302;journals/sigmod/RossCGJBV99;0.793203721443812;
304576;conf/sigmod/AdelbergD99;0.8737218677997589;
673298;conf/vldb/BargaP95;0.9096123079458872;
672177;conf/vldb/OzsuLON01;0.8518772820631663;
958945;journals/tods/ChoG03;0.9433861474196116;
673466;conf/vldb/SevcikK96;0.9096123079458872;
672011;conf/vldb/MatiasVW00;0.9096123079458872;
373713;journals/sigmod/MillerHHYHFP01;0.8484773635864258;
671168;conf/vldb/FlorescuLS98;0.8422688146432241;
362094;journals/sigmod/LudwigG00;0.7817608813444773;
672004;conf/vldb/SrinivasanDFCJYKTDB00;0.9096123079458872;
672819;conf/vldb/SteenhagenABB94;0.9096123079458872;
673497;conf/vldb/AgarwalADGNRS96;0.8781853417555491;
672208;conf/vldb/StohrR01;0.826278974612554;
672375;conf/vldb/ChaHKK01;0.8725752731164297;
671690;conf/vldb/PereiraFLS00;0.8522772490978241;
640992;journals/sigmod/GottlobKP03;0.899227132399877;
776988;journals/sigmod/GottlobKP03;0.899227132399877;
223893;conf/sigmod/GatziuGD95;0.8080507516860962;
673137;conf/vldb/BassiliadesV95;0.8429456452528635;
765506;journals/vldb/LiCHH01;0.8719611167907715;
671843;conf/vldb/StohrMR00;0.813387264808019;
673665;conf/vldb/LockemannKKKN97;0.8873900870482127;
671836;conf/vldb/NetzCBF00;0.9096123079458872;
671344;conf/vldb/Greco98;0.9096123079458872;
672005;conf/vldb/GrumbachRS00;0.8540567457675934;
375666;conf/sigmod/NgWY01;0.865333080291748;
671684;conf/vldb/LabioYCGW00;0.8624718487262726;
758367;conf/vldb/ScheuermannSV96;0.7836096286773682;
767140;journals/vldb/DattaDVRN01;0.9247238437334696;
767136;journals/vldb/BonifatiCP01;0.8666329185167948;
362096;journals/sigmod/WuY00;0.7964615325133005;
581752;journals/tods/CaldersNW02;0.8760426541169485;
191991;conf/sigmod/Jagadish94;0.8748442133267721;
223867;conf/sigmod/WoelkBJOTU95;0.8254286845525106;
953242;journals/vldb/HalkidiNVV03;0.9452003439267477;
673150;conf/vldb/GuptaHQ95;0.8310448825359344;
673294;conf/vldb/GravanoG95;0.9096123079458872;
776995;journals/sigmod/Hoffner03;0.9537749787171682;
758366;conf/vldb/Baru96;0.9096123079458872;
673154;conf/vldb/YanL95;0.8429456452528635;
673312;conf/vldb/ChaudhuriGS95;0.9096123079458872;
671352;conf/vldb/DattaRT99;0.8422688146432241;
671494;conf/vldb/RothOH99;0.8506867388884226;
671498;conf/vldb/BernsteinPS99;0.8422688146432241;
672008;conf/vldb/ChoenniV00;0.9096123079458872;
767094;journals/vldb/RafieiM02;0.9452003439267477;
762472;journals/tods/BeneventanoBS03;0.8648187220096588;
765237;journals/vldb/JagadishKNS00;0.8980598847071329;
672372;conf/vldb/MarronL01;0.8153314093748728;
564719;conf/sigmod/DasuJMS02;0.8596896926561991;
671172;conf/vldb/AbiteboulMRVW98;0.8667573432127634;
672010;conf/vldb/ManegoldBK00;0.8506867388884226;
304572;conf/sigmod/WolfsonSXZC99;0.8550652960936228;
672009;conf/vldb/RamasamyPNK00;0.9096123079458872;
335422;conf/sigmod/GoldmanW00;0.8720227281252543;
758382;conf/vldb/MargaritisFT01;0.9096123079458872;
604269;journals/sigmod/CabreraLM01;0.8280746638774872;
959079;journals/sigmod/WangD03;0.9421244859695435;
673155;conf/vldb/AgrawalLSS95;0.9096123079458872;
673328;conf/vldb/FaloutsosMS96;0.8310448825359344;
672178;conf/vldb/OoiYTJ01;0.9096123079458872;
671845;conf/vldb/SchaeferBBJ00;0.8506867388884226;
564725;conf/sigmod/GuhaJKSY02;0.8925953110059103;
564733;conf/sigmod/PolyzotisG02;0.8190452059110006;
502031;journals/tods/EiterLLS01;0.896245688199997;
671526;conf/vldb/Mohan99;0.9096123079458872;
671194;conf/vldb/RezendeH98;0.8310448825359344;
672835;conf/vldb/HasanM94;0.9096123079458872;
672020;conf/vldb/YagoubFIV00;0.8374435206254324;
673482;conf/vldb/GuptaM96;0.8153314093748728;
304223;conf/sigmod/EmbleyJN99;0.7757066587607065;
564713;conf/sigmod/FreireHRRS02;0.8925953110059103;
672027;conf/vldb/JensenL01;0.9096123079458872;
672824;conf/vldb/FuC94;0.8310448825359344;
945735;journals/sigmod/Ouksel03;0.9537749787171682;
507346;journals/sigmod/Kim02;0.8964993059635162;
673003;conf/vldb/ColletCS94;0.8310448825359344;
375757;conf/sigmod/Sahuguet01;0.9168679118156433;
672352;conf/vldb/OzdenGHNSDGGW01;0.883369117975235;
671509;conf/vldb/BamfordAP99;0.8310448825359344;
671001;conf/vldb/KietzRS97;0.8540567457675934;
375672;conf/sigmod/BreunigKKS01;0.799775610367457;
271096;journals/sigmod/DadamK97;0.8873250981171926;
673299;conf/vldb/MehtaD95;0.8153314093748728;
672833;conf/vldb/GoodmanRS94;0.9096123079458872;
672371;conf/vldb/SeegerBBKSDS01;0.8630275626977285;
671520;conf/vldb/FuhDCMTLDRM99;0.8778662780920664;
564705;conf/sigmod/Grust02;0.935450275739034;
672981;conf/vldb/KilgerM94;0.9096123079458872;
253268;conf/sigmod/ONeilQ97;0.8183805247147878;
672838;conf/vldb/SetzerZ94;0.8153314093748728;
671695;conf/vldb/ShanmugasundaramSBCLPR00;0.8818826377391815;
767144;conf/vldb/ShanmugasundaramSBCLPR00;0.8244535128275553;
276338;conf/sigmod/JaedickeM98;0.8725553949673971;
219774;journals/sigmod/Stacey95;0.9537749787171682;
673480;conf/vldb/BerckenS96;0.9096123079458872;
673645;conf/vldb/AshwinRSSS97;0.8624718487262726;
671333;conf/vldb/BlottKS98;0.9096123079458872;
671031;conf/vldb/CarinoO98;0.826278974612554;
764204;journals/vldb/ChienTZ02;0.8387209177017212;
671664;conf/vldb/AbiteboulACEMM99;0.8703285952409109;
673319;conf/vldb/SimonD95;0.9096123079458872;
673495;conf/vldb/FukudaMMT96;0.8506867388884226;
775454;journals/vldb/ShethTP03;0.8367351094881693;
375789;conf/sigmod/ChenZCKR01;0.8265997668107351;
767148;journals/vldb/Sarawagi01;0.9452003439267477;
959067;journals/sigmod/BonnetBDL03;0.9537749787171682;
671345;conf/vldb/RiedelGF98;0.9096123079458872;
671679;conf/vldb/ChoG00;0.9096123079458872;
673656;conf/vldb/TheodoratosS97;0.8153314093748728;
671002;conf/vldb/MaratheS97;0.9096123079458872;
673329;conf/vldb/Padmanabhan96;0.9096123079458872;
604262;journals/sigmod/RossFLOSSVW00;0.8594201902548472;
602302;journals/sigmod/RossFLOSSVW00;0.8802535235881805;
564751;conf/sigmod/JosifovskiSHL02;0.8806506196657816;
362142;journals/sigmod/Palpanas00;0.8872680266698202;
671161;conf/vldb/GingrasL98;0.813387264808019;
670999;conf/vldb/BernsteinHSSZ97;0.8667573432127634;
223798;conf/sigmod/PapadiasTSE95;0.8539250393708547;
671518;conf/vldb/BouganimCDDGS99;0.8703285952409109;
223785;conf/sigmod/BerensonBGMOO95;0.8258899947007498;
344794;journals/sigmod/LabrinidisR00;0.889042486747106;
671669;conf/vldb/Chawathe99;0.9096123079458872;
671175;conf/vldb/JagadishLRSS94;0.765471895535787;
673000;conf/vldb/JagadishLRSS94;0.834286630153656;
672971;conf/vldb/GehaniJR94;0.8572340309619904;
673331;conf/vldb/LeeL96;0.9096123079458872;
671521;conf/vldb/PacittMS99;0.8310448825359344;
673334;conf/vldb/Gawlick96;0.9096123079458872;
671334;conf/vldb/KnorrN98;0.8310448825359344;
564757;conf/sigmod/RaoZML02;0.8735518256823221;
641272;conf/vldb/ChirkovaHS01;0.7980525493621826;
672216;conf/vldb/ChirkovaHS01;0.8422688146432241;
309870;journals/sigmod/ForteHWDCVHFS99;0.8239543537298838;
672200;conf/vldb/GravanoIJKMS01;0.8759405513604482;
671527;conf/vldb/IoannidisP99;0.8153314093748728;
671014;conf/vldb/AtzeniMM97;0.8310448825359344;
671011;conf/vldb/BridgeJKLLM97;0.8703285952409109;
672207;conf/vldb/StanoiRAA01;0.8572340309619904;
673170;conf/vldb/LometT95;0.8310448825359344;
564763;conf/sigmod/LuoKMPWLN02;0.9059875011444092;
671343;conf/vldb/Tygar98;0.9096123079458872;
673145;conf/vldb/HellersteinNP95;0.8506867388884226;
564710;conf/sigmod/ChenGMV02;0.867465615272522;
671677;conf/vldb/MillerHH00;0.845462292432785;
945736;journals/sigmod/KoubarakisTID03;0.9537749787171682;
758383;conf/vldb/Adler01;0.9096123079458872;
671699;conf/vldb/KoudasIM00;0.8310448825359344;
672989;conf/vldb/OuzzaniAB94;0.8374435206254324;
672197;conf/vldb/BerckenS01;0.9096123079458872;
672037;conf/vldb/Huyn01;0.9096123079458872;
959061;journals/sigmod/Date03;0.9537749787171682;
369291;journals/sigmod/PoessF00;0.8071297804514567;
959071;journals/sigmod/KannanKIK03;0.8797009090582529;
945727;journals/sigmod/Aberer03c;0.9537749787171682;
673304;conf/vldb/SrikantA95;0.9096123079458872;
219727;journals/sigmod/DunhamH95a;0.8883428772290548;
776991;journals/sigmod/FifeG03;0.9537749787171682;
640992;journals/sigmod/GottlobKP03a;0.8752075533072153;
776988;journals/sigmod/GottlobKP03a;0.8752075533072153;
758379;conf/vldb/YagoubFIV00a;0.8374435206254324;
641272;journals/vldb/ChirkovaHS02;0.8778568506240845;
672216;journals/vldb/ChirkovaHS02;0.760371079047521;
673318;conf/vldb/ReuterCGSW95;0.9096123079458872;
223850;conf/sigmod/LuMSS95;0.8380143741766611;
673130;conf/vldb/GallersdorferN95;0.826278974612554;
673467;conf/vldb/Mattos96;0.7985011835892996;
671856;conf/vldb/Ladin00;0.9096123079458872;
959069;journals/sigmod/AilamakiFFSV03;0.9056624472141266;
568519;journals/tods/BrunoCG02;0.9433861474196116;
671866;conf/vldb/Deshpande00;0.9096123079458872;
671342;conf/vldb/SheikholeslamiCZ98;0.9096123079458872;
872822;conf/sigmod/BabcockCD03;0.7906914154688517;
672045;conf/vldb/RamanH01;0.8153314093748728;
673006;conf/vldb/Brin95;0.9096123079458872;
187462;journals/sigmod/Qian94;0.9164733986059824;
375762;conf/sigmod/ButtlerLPP01;0.812153955300649;
671855;conf/vldb/KemmeA00;0.9096123079458872;
672014;conf/vldb/BeneventanoBCCGMMV00;0.9096123079458872;
234893;journals/sigmod/GerlhofKM96;0.8138940433661143;
212019;journals/sigmod/RisheSBDOALOSS95;0.9183220167954763;
670991;conf/vldb/LlirbatST97;0.813387264808019;
671522;conf/vldb/CareyCNVDRSM99;0.8792254626750946;
767138;journals/vldb/SuHHHLWLPLL01;0.9162030816078186;
507237;journals/tods/LiuDL02;0.8760426541169485;
304225;conf/sigmod/DavulcuFKR99;0.8263862431049347;
671851;conf/vldb/ChakrabartiGRS00;0.8572340309619904;
673167;conf/vldb/SteinbrunnPMK95;0.8506867388884226;
673464;conf/vldb/ViverosNR96;0.8572340309619904;
344853;journals/sigmod/Abiteboul99;0.9051638642946879;
872825;conf/sigmod/OlstonJW03;0.791278084119161;
276327;conf/sigmod/KotidisR98;0.8749864200750986;
212008;journals/sigmod/Lee95;0.7970289389292399;
756661;conf/vldb/RamakrishnanGRSWZ95;0.8703285952409109;
671326;conf/vldb/MiloZ98;0.9096123079458872;
671024;conf/vldb/OzsuVU98;0.8506867388884226;
672012;conf/vldb/Ramaswamy00;0.9096123079458872;
950483;journals/vldb/RamamurthyDS03;0.9452003439267477;
758373;conf/vldb/KoudasMJ99;0.8422688146432241;
673628;conf/vldb/ChatziantoniouR96;0.9096123079458872;
672016;conf/vldb/BalminPP00;0.9096123079458872;
304221;conf/sigmod/YerneniLGU99;0.8082770506540934;
672350;conf/vldb/NishioSTTL01;0.8624718487262726;
671502;conf/vldb/Dayal99;0.9096123079458872;
564784;conf/sigmod/HinneburgKW02;0.8681067824363708;
363956;journals/tods/Meo00;0.9433861474196116;
671688;conf/vldb/JarkeKL00;0.813387264808019;
344820;journals/sigmod/Etzion99;0.8904625574747721;
672006;conf/vldb/MendelzonV00;0.9096123079458872;
310715;journals/tods/Wijsen99;0.8794987003008524;
212024;journals/sigmod/Richey95;0.8903491298357645;
505049;journals/tods/Snodgrass01a;0.850936104853948;
505055;journals/tods/Snodgrass01a;0.850936104853948;
641269;journals/tods/Snodgrass01a;0.8091299831867218;
671197;conf/vldb/HelmerWM98;0.8310448825359344;
672018;conf/vldb/DuttaDMRT00;0.9096123079458872;
280363;conf/sigmod/RothAHCCFSTW96;0.8239307701587677;
673313;conf/vldb/DidriksenGD95;0.827133705218633;
671021;conf/vldb/ChavdaW97;0.9096123079458872;
673641;conf/vldb/FaloutsosJS97;0.8422688146432241;
673651;conf/vldb/MorimotoIM97;0.8310448825359344;
304192;conf/sigmod/Jamil99;0.8781969348589579;
673659;conf/vldb/ChakrabartiDAR97;0.8506867388884226;
758371;conf/vldb/FankhauserGLMT98;0.8518772820631663;
672985;conf/vldb/BrownCC94;0.8572340309619904;
604262;journals/sigmod/RossNO03;0.829721063375473;
602302;journals/sigmod/RossNO03;0.829721063375473;
672995;conf/vldb/SreenathS94;0.9096123079458872;
187439;journals/sigmod/Group94;0.8496344983577728;
673638;conf/vldb/PoosalaI97;0.9096123079458872;
344789;journals/sigmod/RoddickABDEGHLMMMW00;0.8688704470793406;
601863;journals/sigmod/HuangKL02;0.7854330142339071;
945734;journals/sigmod/OoiST03;0.9537749787171682;
641273;conf/vldb/VeltriCV01;0.7804967065652212;
672192;conf/vldb/VeltriCV01;0.8310448825359344;
671188;conf/vldb/GarciaLL98;0.835538238286972;
672992;conf/vldb/BernsteinD94;0.9096123079458872;
671179;conf/vldb/ShivakumarGC98;0.9096123079458872;
671667;conf/vldb/JagadishMN99;0.8506867388884226;
758380;journals/vldb/PucheralBVB01;0.7630570729573568;
767143;journals/vldb/PucheralBVB01;0.8862747748692831;
673004;conf/vldb/MartinC94;0.8422688146432241;
671363;conf/vldb/VorugantiOU99;0.8679456611474355;
253355;conf/sigmod/AgrawalASY97;0.7740593254566193;
958944;journals/tods/LakshmananLN03;0.896245688199997;
253395;conf/sigmod/HammerGNYBV97;0.828758696715037;
673652;conf/vldb/BaumannFRW97;0.8506867388884226;
945723;journals/sigmod/Snodgrass03b;0.8613249361515045;
564727;conf/sigmod/BrunoKS02;0.8568828503290812;
672972;conf/vldb/LevySSZ94;0.9096123079458872;
671497;conf/vldb/AbiteboulAAACHHMMMMSTV99;0.884767105182012;
673481;conf/vldb/PapakonstantinouAG96;0.8310448825359344;
671199;conf/vldb/Slutz98;0.9096123079458872;
276313;conf/sigmod/Bayardo98;0.7871051132678986;
671026;conf/vldb/MuthOPW98;0.8572340309619904;
581753;journals/tods/GibbonsMP02;0.8760426541169485;
603874;journals/sigmod/Suciu01;0.8980875114599863;
673327;conf/vldb/Hess96;0.9096123079458872;
765511;journals/vldb/BonczK99;0.8093520303567251;
671695;journals/vldb/ShanmugasundaramSBCLPR01;0.8044500450293223;
767144;journals/vldb/ShanmugasundaramSBCLPR01;0.8997926712036133;
564773;conf/sigmod/KarbhariRXD02;0.8765247066815695;
505049;journals/tods/Snodgrass01;0.850936104853948;
505055;journals/tods/Snodgrass01;0.850936104853948;
641269;journals/tods/Snodgrass01;0.8091299831867218;
673303;conf/vldb/SeligmanBNSW95;0.8733504315217336;
249980;journals/tods/CliffordDIJS97;0.8211706479390463;
758377;conf/vldb/YuV00;0.9096123079458872;
671512;conf/vldb/KumarRRT99;0.8506867388884226;
672179;conf/vldb/BlokWZPAKJ01;0.9096123079458872;
253372;conf/sigmod/Kramer97;0.8713829716046652;
212022;journals/sigmod/Qian95a;0.8921108345190684;
276358;conf/sigmod/Doherty98;0.8736028174559275;
304220;conf/sigmod/DeutschFS99;0.8329432209332784;
673646;conf/vldb/ChaudhuriN97;0.9096123079458872;
673483;conf/vldb/Klots96;0.9096123079458872;
671353;conf/vldb/Campbell99;0.9096123079458872;
670995;conf/vldb/HaasKWY97;0.8624718487262726;
671504;conf/vldb/PitouraC99;0.9096123079458872;
223876;conf/sigmod/BaruFGHJPW95;0.7952457269032797;
765222;journals/vldb/FernandezFLS00;0.8238516946633657;
181567;journals/sigmod/NorrieBSW94;0.8227713505427042;
637417;journals/sigmod/MaximilienS02;0.809069981177648;
758369;conf/vldb/WangYM97;0.8422688146432241;
950484;journals/vldb/ChanGR03;0.878533681233724;
672044;conf/vldb/ChaudhuriS01;0.9096123079458872;
383893;journals/tods/FukudaMMT01;0.8712173600991567;
673142;conf/vldb/RusinkiewiczKTWM95;0.8518772820631663;
671872;conf/vldb/RamsakMFZEB00;0.8703285952409109;
673146;conf/vldb/SistlaYLL95;0.9096123079458872;
375759;conf/sigmod/AdiBEY01;0.8008928596973419;
344869;journals/sigmod/VassiliadisS99;0.780406653881073;
673465;conf/vldb/CareyD96;0.8310448825359344;
671874;conf/vldb/JohnsonA00;0.9096123079458872;
310062;journals/sigmod/NascimentoM99;0.8337457776069641;
758378;conf/vldb/ChakrabartiSST00;0.8506867388884226;
503102;journals/tods/LakshmananSS01;0.9433861474196116;
306144;journals/sigmod/EisenbergM98a;0.9037671883900961;
262771;journals/sigmod/Konig-RiesL97;0.7834652562936147;
945725;journals/sigmod/AilamakiH03;0.9537749787171682;
765234;journals/vldb/Atkinson00;0.9452003439267477;
673141;conf/vldb/SumiyaYTSI95;0.8624718487262726;
673134;conf/vldb/HanF95;0.9096123079458872;
671198;conf/vldb/AnkerstBKS98;0.8374435206254324;
673488;conf/vldb/Suciu96a;0.9096123079458872;
202664;journals/sigmod/Hanna95;0.8934808572133383;
671863;conf/vldb/LakshmananJN00;0.8572340309619904;
603871;journals/sigmod/ShanmugasundaramSKKVNT01;0.8582947750886282;
357777;journals/tods/CuiWW00;0.8760426541169485;
245903;journals/sigmod/ShethGJRSWW96;0.8554970920085907;
670997;conf/vldb/GinisHKMT97;0.9096123079458872;
253373;conf/sigmod/ChaudhuriD97;0.8766999741395315;
253402;conf/sigmod/TomasicABKNR97;0.8284170826276144;
672017;conf/vldb/GantiLR00;0.8310448825359344;
181551;journals/sigmod/Stonebraker94;0.9208940863609314;
672184;conf/vldb/Gentili01;0.9096123079458872;
756647;conf/vldb/GuPS00;0.8422688146432241;
564786;conf/sigmod/RundensteinerWYD02;0.8925953110059103;
671160;conf/vldb/GraefeBC98;0.8310448825359344;
673639;conf/vldb/GyssensL97;0.8310448825359344;
187442;journals/sigmod/Datta94;0.9061120251814524;
335463;conf/sigmod/AnnamalaiCD00;0.8059077064196268;
671012;conf/vldb/DesslochM97;0.8153314093748728;
604262;journals/sigmod/RossKMV02;0.8371590276559194;
602302;journals/sigmod/RossKMV02;0.8371590276559194;
672347;conf/vldb/ChungCLL01;0.8506867388884226;
672979;conf/vldb/WienerN94;0.8310448825359344;
187460;journals/sigmod/Chen94;0.9193622171878815;
762473;journals/tods/KarpSP03;0.884460578362147;
375680;journals/tods/ChakrabartiKMP02;0.8540205756823221;
568520;journals/tods/ChakrabartiKMP02;0.8697651326656342;
