309852;journals/sigmod/Mackay99;0.9473938047885895;
673321;conf/vldb/PoosalaI96;0.8723214343190193;
673135;conf/vldb/HoelS95;0.8723214343190193;
304219;conf/sigmod/Keim99;0.8697040677070618;
672977;conf/vldb/KemperK94;0.8723214343190193;
673491;conf/vldb/ShaferAM96;0.8723214343190193;
253304;conf/sigmod/GriffinH97;0.8689696937799454;
672029;conf/vldb/CuiW01;0.8723214343190193;
565135;journals/sigmod/Hammer02;0.9505986124277115;
253403;journals/sigmod/FernandezFLS97;0.7191753461956978;
276374;conf/sigmod/LiS98;0.8641737699508667;
671496;conf/vldb/ChenCFGJMTW99;0.7850198522210121;
672999;conf/vldb/Bernstein94;0.8723214343190193;
945737;journals/sigmod/PitouraAPSV03;0.8865983635187149;
304573;conf/sigmod/BraumandlKK99;0.8754972964525223;
673498;conf/vldb/CochranePM96;0.849780447781086;
872779;conf/sigmod/Dyreson03;0.8664926141500473;
641006;journals/sigmod/ChakravarthyAEFO03;0.9420685023069382;
564737;conf/sigmod/WangWYY02;0.8180035501718521;
336560;conf/sigmod/ChenDLT00;0.7764850854873657;
671678;conf/sigmod/ChenDLT00;0.7424800023436546;
604280;journals/sigmod/MeltonE01;0.9498085826635361;
673492;conf/vldb/Sheth96;0.8723214343190193;
248616;journals/sigmod/ChaudhuriD97;0.9478171616792679;
191852;conf/sigmod/BersonGMJ94;0.7960289567708969;
959073;journals/sigmod/GerlaX03;0.9576210826635361;
187445;journals/sigmod/Klein94;0.861787736415863;
672997;conf/vldb/PirotteZMY94;0.8016692623496056;
190631;journals/sigmod/Bertram94;0.9483618289232254;
375720;conf/sigmod/TatarinovIHW01;0.8017928153276443;
671528;conf/vldb/Graefe99;0.8723214343190193;
564754;conf/sigmod/Weininger02;0.8791737705469131;
671501;conf/vldb/JagadishKNS99;0.8050137385725975;
304230;conf/sigmod/Mohan99;0.873491957783699;
234890;journals/sigmod/Camps96;0.8849859535694122;
673484;conf/vldb/GardarinGT95;0.6737103089690208;
673169;conf/vldb/GardarinGT95;0.7889880910515785;
248618;journals/sigmod/Qian97;0.950545608997345;
673666;conf/vldb/EicklerKK97;0.8473214283585548;
202107;journals/tods/AikenHW95;0.880634143948555;
276359;conf/sigmod/Spiro98;0.8164559900760651;
671500;conf/vldb/Sarawagi99;0.8723214343190193;
673158;conf/vldb/WuYCT95;0.8268668875098228;
191942;conf/sigmod/Vaskevitch94;0.8686103969812393;
223882;conf/sigmod/Sheth95;0.7714814692735672;
671692;conf/vldb/PottingerL00;0.8723214343190193;
507369;journals/sigmod/Snodgrass02;0.8982460796833038;
375689;conf/sigmod/GionisGK01;0.7788249403238297;
671871;conf/vldb/Bowker00;0.8723214343190193;
191856;conf/sigmod/GibbsBT94;0.850864365696907;
219056;journals/tods/SrivastavaSRN95;0.9167072474956512;
375688;conf/sigmod/ChenGM01;0.7842385172843933;
245909;journals/sigmod/Qian96b;0.9220607429742813;
672965;conf/vldb/PoulovassilisS94;0.8723214343190193;
756643;conf/vldb/DeutschPT99;0.7878619804978371;
672359;conf/vldb/Sondag01;0.8723214343190193;
872790;conf/sigmod/GangulyGR03;0.8535029739141464;
671351;conf/vldb/Johnson99;0.8723214343190193;
671365;conf/vldb/ChanI99;0.8723214343190193;
190648;journals/sigmod/MattosD94;0.9081419110298157;
344864;journals/sigmod/EisenbergM99a;0.9435081779956818;
604276;journals/sigmod/Jagadish01;0.8760993331670761;
673487;conf/vldb/BelussiF95;0.6976703628897667;
187447;journals/sigmod/YeungHL94;0.8658090531826019;
758368;conf/vldb/GarofalakisOS97;0.7960502579808235;
304233;conf/sigmod/Suciu99;0.8718208223581314;
673463;conf/vldb/Raghavan96;0.8723214343190193;
202663;journals/sigmod/KarlapalemLS95;0.8742877393960953;
202661;journals/sigmod/Zhang95;0.9477896243333817;
564707;conf/sigmod/KaushikBNK02;0.8185120075941086;
223897;conf/sigmod/LiC95;0.867955818772316;
603886;journals/sigmod/LabrinidisM01;0.9486925154924393;
328943;journals/tods/Alagic99;0.8742910921573639;
223865;conf/sigmod/Golding95;0.8027848899364471;
672839;conf/vldb/LevyMS94;0.7889880910515785;
253330;conf/sigmod/HanKK97;0.7846017777919769;
564745;conf/sigmod/SismanisDRK02;0.7980926930904388;
280352;conf/sigmod/PiatkoYLS96;0.7962192296981812;
335465;conf/sigmod/Weininger00;0.8663061261177063;
672834;conf/vldb/ChaudhuriS94;0.8723214343190193;
673131;conf/vldb/BestavrosB95;0.8723214343190193;
219758;journals/sigmod/Bohlen95;0.8857460767030716;
191929;journals/sigmod/Bohlen95;0.710583470761776;
304189;conf/sigmod/LometT99;0.8164186775684357;
191951;conf/sigmod/FlokstraKS94;0.7956970185041428;
304208;conf/sigmod/HellersteinHW97;0.7453852444887161;
671176;conf/vldb/Mihalisin98;0.8723214343190193;
245886;journals/sigmod/Darwen96;0.9499680250883102;
191911;conf/sigmod/CareyFZ94;0.7873016595840454;
191948;conf/sigmod/Melling94;0.8576893955469131;
280350;conf/sigmod/Mohan96;0.8689278662204742;
565139;journals/sigmod/BargaL02;0.8962574452161789;
223860;conf/sigmod/Gettys95;0.8683042079210281;
582412;journals/tods/CiacciaP02;0.8923714607954025;
564775;conf/sigmod/FungSG02;0.8791737705469131;
276362;conf/sigmod/Chan98;0.831759974360466;
673636;conf/vldb/DiwanRSS96;0.7968497350811958;
671203;conf/vldb/Sterling98;0.8723214343190193;
959085;journals/sigmod/MotroA03;0.9576210826635361;
672195;conf/vldb/PereiraFJLS01;0.7945153191685677;
671839;conf/vldb/AdiBEY00;0.8053571507334709;
671174;conf/vldb/Pogue98;0.8723214343190193;
673650;conf/vldb/AlsabtiRS97;0.8187500014901161;
280348;conf/sigmod/Bernstein96;0.8573951870203018;
564792;conf/sigmod/Cotton02;0.8791737705469131;
671328;conf/vldb/ChakrabartiSD98;0.8043866530060768;
564734;conf/sigmod/GaoW02;0.8211380541324615;
304193;conf/sigmod/AdaliSS99;0.7942807078361511;
202672;journals/sigmod/SchlageterBHMSW95;0.7888285666704178;
872786;conf/sigmod/DeligiannakisR03;0.8695583790540695;
276319;conf/sigmod/SeidlK98;0.8649692237377167;
564743;conf/sigmod/Aggarwal02;0.8791737705469131;
223859;conf/sigmod/Moore95;0.8666737675666809;
185836;journals/tods/PolyzoisG94;0.9095700085163116;
276322;conf/sigmod/Miller98;0.818019449710846;
671506;conf/vldb/KemperKW99;0.8034438863396645;
564759;conf/sigmod/PossSKL02;0.8050996959209442;
671028;conf/vldb/VenkataramanZ98;0.8723214343190193;
565143;journals/sigmod/Fagin02;0.9482460767030716;
872856;conf/sigmod/DeshpandeNGS03a;0.8494263142347336;
253274;conf/sigmod/HoAMS97;0.8674550205469131;
202113;journals/tods/Jagadish95;0.9627285897731781;
233329;conf/sigmod/Blakeley96;0.8195047825574875;
304183;conf/sigmod/MamoulisP99;0.8683042079210281;
233337;conf/sigmod/LoR96;0.865284875035286;
507362;journals/sigmod/Stonebraker02;0.9444631934165955;
276366;conf/sigmod/LahiriJJC98;0.8159869462251663;
671691;conf/vldb/Blecken00;0.8723214343190193;
872784;conf/sigmod/HeC03;0.8678101301193237;
377677;journals/tods/KossmannFDA00;0.8893952518701553;
248614;journals/sigmod/Fong97;0.947621077299118;
223840;conf/sigmod/HouZ95;0.8699145168066025;
375664;conf/sigmod/HanPDW01;0.8113166242837906;
672202;conf/vldb/CooperSFHS01;0.8044202104210854;
564801;conf/sigmod/Bussler02;0.8791737705469131;
191849;conf/sigmod/MohanN94;0.86702099442482;
671513;conf/vldb/BaumannDFRW99;0.7900845929980278;
673470;journals/sigmod/Bhashyam96;0.839133083820343;
245908;journals/sigmod/Bhashyam96;0.9278591722249985;
223898;conf/sigmod/Team95a;0.8039422929286957;
673310;conf/vldb/Vaskevitch95;0.8723214343190193;
601859;journals/sigmod/Hammer01;0.921875461935997;
181554;journals/sigmod/Yang94;0.9441075623035431;
564706;conf/sigmod/MinPC03;0.6872635930776596;
872775;conf/sigmod/MinPC03;0.7934053689241409;
671517;conf/vldb/JermaineDO99;0.8072172775864601;
671005;conf/vldb/CiacciaPZ97;0.8127976283431053;
362138;journals/sigmod/VetterliVS00;0.8562789112329483;
191925;conf/sigmod/FaloutsosRM94;0.7916737645864487;
672348;conf/vldb/BratsbergH01;0.8723214343190193;
672031;conf/vldb/Draluk01;0.8723214343190193;
564749;conf/sigmod/BhattacharyaMBNHS02;0.8098668307065964;
672348;conf/vldb/HvasshovdBT00;0.6840277835726738;
671853;conf/vldb/HvasshovdBT00;0.8346501961350441;
191860;conf/sigmod/MumickP94;0.8708404302597046;
375668;conf/sigmod/AggarwalY01;0.8675458580255508;
671675;conf/sigmod/AggarwalY01;0.6660938039422035;
219039;journals/tods/ChenHM95;0.8743813186883926;
671006;conf/vldb/ZhangL97;0.8293526843190193;
671332;conf/vldb/ZhangL97;0.7269101515412331;
276368;conf/sigmod/Whelan98;0.8674550205469131;
672369;conf/vldb/Shmueli01;0.8723214343190193;
191931;conf/sigmod/Dietterich94;0.8672690093517303;
507349;journals/sigmod/ErdurD02;0.9055377393960953;
276355;conf/sigmod/WhiteCF98;0.8028480112552643;
262764;journals/sigmod/BarbaraS97;0.9079887270927429;
333616;journals/sigmod/GruenwaldBDGSSV99;0.8859959840774536;
673138;conf/vldb/SubietaKL95;0.8021459951996803;
191904;conf/sigmod/Hellerstein94;0.8705530762672424;
758370;conf/vldb/ArunJ98;0.8723214343190193;
375771;conf/sigmod/CatarciS01;0.8713612705469131;
872826;conf/sigmod/Aggarwal03;0.8029025942087173;
304202;conf/sigmod/Wu99;0.8685354739427567;
601865;journals/sigmod/Aberer02;0.9437321871519089;
604274;journals/sigmod/Aberer02;0.9145655184984207;
507353;journals/sigmod/Aberer02;0.9437321871519089;
565129;journals/sigmod/Aberer02;0.9437321871519089;
637424;journals/sigmod/Aberer02;0.9437321871519089;
776994;journals/sigmod/Aberer02;0.9145655184984207;
959078;journals/sigmod/Aberer02;0.9145655184984207;
673148;conf/vldb/KonopnickiS95;0.8723214343190193;
375744;conf/sigmod/DraperHW01;0.8106871843338013;
673330;conf/vldb/BouganimFV96;0.8723214343190193;
273253;journals/sigmod/Roussopoulos98;0.9477526694536209;
872878;conf/sigmod/JagatheesanR03;0.8657809197902679;
310063;journals/sigmod/SouzaS99;0.9295180290937424;
672196;conf/vldb/Novaretti01;0.8723214343190193;
671869;conf/vldb/HelalL00;0.8723214343190193;
758372;conf/vldb/Objectivity98;0.8619047626852989;
776997;journals/sigmod/Stirling03;0.9576210826635361;
564768;conf/sigmod/TheobaldW02;0.8791737705469131;
181555;journals/sigmod/DiazJPa94;0.860700786113739;
671022;conf/vldb/ChangG97;0.8723214343190193;
671837;conf/vldb/CowleyP00;0.8723214343190193;
671023;conf/vldb/BamfordBKM98;0.7921327576041222;
673631;conf/vldb/Mohan96;0.8723214343190193;
959080;journals/sigmod/GalianoM03;0.8777719438076019;
375779;conf/sigmod/LamCKNH01;0.7728998214006424;
253327;conf/sigmod/BrinMS97;0.8030868172645569;
640993;journals/sigmod/Chang03;0.9444631934165955;
375764;conf/sigmod/BertinoCF01;0.8038864135742188;
673316;conf/vldb/EvangelidisLS95;0.8098214343190193;
564738;conf/sigmod/YangWYH02;0.8030868172645569;
671666;conf/vldb/JagadishLS99;0.8098214343190193;
276345;conf/sigmod/LometW98;0.8315833956003189;
335429;conf/sigmod/ChoSG00;0.8013662844896317;
233366;conf/sigmod/ChawatheRGW96;0.7881650030612946;
253376;conf/sigmod/CruzALRZ97;0.7907591313123703;
288089;journals/tods/StolboushkinT98;0.9588396996259689;
603880;journals/sigmod/Huyn01;0.9465099722146988;
362136;journals/sigmod/Bussche00;0.9548432976007462;
670996;conf/vldb/HuangJR97;0.8179736062884331;
276389;conf/sigmod/Toyama98;0.8697040677070618;
671190;conf/vldb/GoyalHSS95;0.7098214253783226;
377665;journals/tods/BohlenJS00;0.8966416418552399;
671187;conf/vldb/SchieferKBLF98;0.794618733227253;
357776;journals/tods/Bohm00;0.900360181927681;
872789;conf/sigmod/BabcockBDM03;0.8639710694551468;
637431;journals/sigmod/BoucelmaCGJLL02;0.8708753883838654;
872828;conf/sigmod/KriegelBKPS03;0.78571617603302;
603873;journals/sigmod/HanBP01;0.8684602379798889;
671178;conf/vldb/Orenstein98;0.8723214343190193;
328996;journals/tods/CasatiCPP99;0.8900149315595627;
245907;journals/sigmod/Eisenberg96;0.9484747350215912;
253279;conf/sigmod/TsueiPK97;0.789590448141098;
223862;conf/sigmod/Ivinskis95;0.8706510365009308;
673333;conf/vldb/RamakrishnanR96;0.7889880910515785;
640999;journals/sigmod/Winslett02a;0.8523674607276917;
276365;conf/sigmod/AndersonAF98;0.8122545778751373;
233336;conf/sigmod/Agarwal96;0.8664186745882034;
210202;journals/tods/GraefeC95;0.9628079533576965;
672353;conf/vldb/TsurAADKW01;0.7853649035096169;
671686;conf/vldb/LuL00;0.8288431689143181;
276309;conf/sigmod/RaoR98;0.8660158812999725;
671169;conf/vldb/Shaw98;0.8723214343190193;
564747;conf/sigmod/ChaudhuriGN02;0.8660158812999725;
276348;conf/sigmod/Stonebraker98;0.8625071048736572;
582411;journals/tods/MayL02;0.9345341473817825;
872759;conf/sigmod/Ullman03;0.8695583790540695;
373691;journals/sigmod/FengJH01;0.8841052055358887;
191908;conf/sigmod/Galindo-Legaria94;0.8441936671733856;
673326;conf/vldb/Dyreson96;0.8723214343190193;
276343;conf/sigmod/ChaudhuriMN98;0.7886900901794434;
672364;conf/vldb/DattaDTVRF01;0.8723214343190193;
564796;conf/sigmod/Mohan02;0.8791737705469131;
604282;journals/sigmod/ShahMFH01;0.8671334385871887;
671341;conf/vldb/ClaussenKMP97;0.6746406182646751;
304201;conf/sigmod/ChanI99;0.8624444454908371;
234898;journals/sigmod/BilirisP96;0.9367877542972565;
671864;conf/vldb/LudasaherGM00;0.8486145362257957;
223883;conf/sigmod/Norrie95;0.8750071078538895;
945730;journals/sigmod/Hellerstein03;0.9576210826635361;
872873;conf/sigmod/GraySSU03;0.7852823585271835;
564776;conf/sigmod/MaddenH02;0.8791737705469131;
335414;conf/sigmod/CorralMTV00;0.8107286393642426;
234895;journals/sigmod/BrunieK96;0.9457163214683533;
377676;journals/tods/FegarasM00;0.9727285951375961;
637433;journals/sigmod/MeltonE02;0.9467515200376511;
672213;conf/vldb/NarayananS01;0.7869555726647377;
872776;conf/sigmod/QunLO03;0.8387326002120972;
383736;journals/tods/DekhtyarRS01;0.9727285951375961;
304236;conf/sigmod/Brown99;0.8753858953714371;
335439;conf/sigmod/SzalayGKT00;0.8034838289022446;
757417;conf/vldb/Leymann01;0.8723214343190193;
190639;journals/sigmod/KiyokiKH94;0.8944055438041687;
335461;conf/sigmod/HsiaoN00;0.8660158812999725;
304231;conf/sigmod/Chakrabarti99;0.868459478020668;
309895;journals/sigmod/SycaraKWL99;0.8908102214336395;
234894;journals/sigmod/HasanFV96;0.8675913214683533;
191847;conf/sigmod/Ahn94;0.8328774720430374;
671162;conf/vldb/Mina98;0.8723214343190193;
671171;conf/vldb/BonczRK98;0.8403446897864342;
672975;conf/vldb/Galindo-LegariaPK94;0.7908820435404778;
335457;conf/sigmod/Ross00;0.8691737651824951;
335428;conf/sigmod/MoonSL00;0.7784793227910995;
671847;conf/vldb/WuFSP00;0.8178859427571297;
306103;journals/sigmod/Danish98;0.9490983486175537;
672825;conf/vldb/Chiueh94;0.8723214343190193;
223787;conf/sigmod/AdyaGLM95;0.7897632420063019;
277627;journals/tods/Hellerstein98;0.9641079008579254;
253357;conf/sigmod/LlirbatFS97;0.823240801692009;
304250;conf/sigmod/DoRD99;0.8691737651824951;
333613;conf/sigmod/DoRD99;0.752788171172142;
672193;conf/vldb/YangG01;0.8723214343190193;
640996;journals/sigmod/David03;0.9457163214683533;
671181;conf/vldb/Schoning98;0.8035714402794838;
564777;conf/sigmod/CranorGJSS02;0.8181272596120834;
671029;conf/vldb/OoiGT98;0.7996470108628273;
564698;conf/sigmod/MaddenSHR02;0.7981878519058228;
344843;journals/sigmod/KempsterST99;0.8780756294727325;
673159;conf/vldb/SarawagiS96;0.7247835621237755;
673499;conf/vldb/Rengarajan96;0.8723214343190193;
369287;journals/sigmod/Jhingran00;0.9490594416856766;
564706;conf/sigmod/ChungMS02;0.8104237765073776;
273267;journals/sigmod/Manola98;0.9462574422359467;
276357;conf/sigmod/Eaton98;0.8720309138298035;
872849;conf/sigmod/BornhovdAKMPR03;0.789493590593338;
945741;journals/sigmod/Anisimov03;0.9559977054595947;
362098;journals/sigmod/ArpinarD00;0.9044740796089172;
673323;conf/vldb/AcharyaFZ96;0.8028769865632057;
959087;journals/sigmod/Hainaut03;0.9576210826635361;
673159;conf/vldb/Sarawagi95;0.8723214343190193;
306102;journals/sigmod/BichlerSZ98;0.9437321871519089;
191939;conf/sigmod/Ubell94;0.8680626600980759;
195666;journals/tods/GoldmanL94;0.9370828121900558;
236712;journals/tods/Kuo96;0.9636376798152924;
777944;journals/tods/TaoP03;0.9727285951375961;
271093;journals/sigmod/GuptaHR97;0.8774706125259399;
777004;journals/sigmod/AilamakiG03;0.9576210826635361;
234892;journals/sigmod/NormanZT96;0.8659116327762604;
253374;conf/sigmod/Chaudhuri97;0.8280374109745026;
262763;conf/sigmod/FernandezFKLS97;0.7634681612253189;
253403;conf/sigmod/FernandezFKLS97;0.7800438106060028;
637418;journals/sigmod/AnyanwuS02;0.9066470563411713;
273271;journals/sigmod/Bernstein98;0.9486925154924393;
673660;conf/vldb/WhiteheadSM97;0.8723214343190193;
234900;journals/sigmod/Dogac96;0.9576210826635361;
564741;conf/sigmod/ThaperGIK02;0.8262891620397568;
601865;journals/sigmod/Aberer02b;0.9437321871519089;
604274;journals/sigmod/Aberer02b;0.9145655184984207;
507353;journals/sigmod/Aberer02b;0.9437321871519089;
565129;journals/sigmod/Aberer02b;0.9437321871519089;
637424;journals/sigmod/Aberer02b;0.9437321871519089;
776994;journals/sigmod/Aberer02b;0.9145655184984207;
959078;journals/sigmod/Aberer02b;0.9145655184984207;
507341;journals/sigmod/TianDCZ02;0.8682941496372223;
335376;conf/sigmod/ShenoyHSBBS00;0.7856363505125046;
253408;conf/sigmod/SeshadriP97;0.8680626600980759;
381876;journals/sigmod/UlusoyB96;0.8851662427186966;
672356;conf/vldb/GarofalakisG01;0.8660714402794838;
369284;journals/sigmod/Halevy00;0.9448005706071854;
564731;conf/sigmod/ChangH02;0.8791737705469131;
181569;journals/sigmod/Winslett94;0.9576210826635361;
212011;journals/sigmod/LeeCL95;0.7980816066265106;
671348;conf/vldb/Blum99;0.8723214343190193;
304241;conf/sigmod/Kohler99;0.8642483949661255;
565132;journals/sigmod/Goethals02;0.87867371737957;
671670;conf/vldb/DeRose99;0.8723214343190193;
672032;conf/vldb/BrownG01;0.8723214343190193;
671678;conf/vldb/DiaoLCT00;0.8440195396542549;
212018;journals/sigmod/YanG95;0.8826751857995987;
276372;conf/sigmod/Brewer98;0.8700828552246094;
304217;conf/sigmod/GuhaRS98;0.745651051402092;
276312;conf/sigmod/GuhaRS98;0.8664619028568268;
673657;conf/vldb/YangKL97;0.7910714372992516;
637422;journals/sigmod/GobleR02a;0.9220638871192932;
336564;conf/sigmod/Sarawagi00;0.8689278662204742;
290597;journals/sigmod/GriffinK98;0.9477004408836365;
212003;journals/sigmod/DoanPK95;0.8642387241125107;
210200;journals/tods/Chomicki95;0.9606804102659225;
671675;conf/vldb/HinneburgAK00;0.7866732850670815;
671524;conf/vldb/CeriFP99;0.8023214414715767;
673490;conf/vldb/LakshmananSS96;0.7981688901782036;
375731;conf/sigmod/DoanDH01;0.8656602501869202;
671694;conf/vldb/CasatiS00;0.8723214343190193;
187457;journals/sigmod/Widom94;0.9477896243333817;
671163;conf/vldb/PapadiasMD98;0.7994047775864601;
507340;journals/sigmod/Dogac02;0.8731616288423538;
872762;conf/sigmod/GuoSBS03;0.8346371650695801;
352982;journals/tods/KossmannS00;0.9727285951375961;
276350;conf/sigmod/AdamY98;0.8705530762672424;
335391;conf/sigmod/ChoG00;0.8708404302597046;
758365;conf/vldb/Korth95;0.8723214343190193;
335384;conf/sigmod/PalmerF00;0.8656602501869202;
672217;conf/vldb/TanEO01;0.8008928671479225;
565123;journals/sigmod/Kosch02;0.9477526694536209;
637428;journals/sigmod/Grohe02;0.9501210898160934;
872807;conf/sigmod/Bierman03;0.8401112705469131;
673640;conf/vldb/SkubiszewskiV97;0.8723214343190193;
671325;conf/vldb/DarEGP98;0.8028769865632057;
673308;conf/vldb/CabreraRH95;0.7898746207356453;
375709;conf/sigmod/LeeWMS01;0.7816282212734222;
673332;conf/vldb/Levy96;0.8723214343190193;
673479;conf/vldb/StaudtJ96;0.8723214343190193;
181566;journals/sigmod/MedeirosP94;0.9576210826635361;
335378;conf/sigmod/Lomet00;0.8622246235609055;
273273;journals/sigmod/Han98;0.9431980103254318;
253276;conf/sigmod/RoussopoulosKR97;0.7535981982946396;
276356;conf/sigmod/ReinwaldP98;0.8644678890705109;
507366;journals/sigmod/GobleR02;0.9076210856437683;
219742;journals/sigmod/AlonsoCIM95;0.8927524238824844;
223796;conf/sigmod/Freeston95;0.8722293227910995;
223864;conf/sigmod/Gray95;0.8705530762672424;
671190;conf/vldb/GeorgeH98;0.8723214343190193;
273265;journals/sigmod/KoksalAD98;0.9483618289232254;
671676;conf/vldb/SakuraiYUK00;0.7937499955296516;
671339;conf/vldb/BliujuteJSS98;0.7884173169732094;
601879;journals/sigmod/LuoI02;0.9444631934165955;
671665;conf/vldb/ZurekS99;0.8679354712367058;
671672;conf/vldb/DyresonBJ99;0.8501440212130547;
672182;conf/vldb/BunkerCCMMW01;0.7978264763951302;
564770;conf/sigmod/AbadiC02;0.8791737705469131;
672968;conf/vldb/CochinwalaB94;0.8723214343190193;
331992;journals/tods/YanG99;0.9635822474956512;
673153;journals/tods/YanG99;0.792592391371727;
604266;journals/sigmod/Barbara01;0.8031448274850845;
872768;conf/sigmod/LakshmananPZ03;0.8662427365779877;
757416;conf/vldb/PatonG01;0.8723214343190193;
223868;conf/sigmod/Edelstein95;0.8309594839811325;
373699;journals/sigmod/Critchlow01;0.946818619966507;
671857;conf/vldb/LaneEN00;0.7941964343190193;
232628;journals/tods/Ross96;0.9625245183706284;
671693;conf/vldb/PantiSG00;0.7935170903801918;
304250;journals/sigmod/RamDD99;0.7104631587862968;
373684;journals/sigmod/BertinoEH01;0.9239141792058945;
304207;conf/sigmod/AcharyaGPR99a;0.8090348839759827;
671347;conf/sigmod/AcharyaGPR99a;0.7014464810490608;
344819;journals/sigmod/EisenbergM00;0.9433353692293167;
290599;journals/sigmod/Snodgrass99b;0.8838115632534027;
390004;journals/sigmod/Snodgrass99b;0.8802401274442673;
276392;conf/sigmod/ChenWZ98;0.8027379661798477;
262768;journals/sigmod/SilberschatzZ97;0.872914120554924;
673301;conf/vldb/Meier95;0.8723214343190193;
185843;journals/tods/ChrysanthisR94;0.9629246741533279;
336589;conf/sigmod/OriaOILY00;0.7799221575260162;
381879;journals/sigmod/SonDT96;0.9190002381801605;
671336;conf/vldb/Vieille98;0.8723214343190193;
304229;conf/sigmod/Dullmann99;0.7958404272794724;
244812;journals/tods/Galindo-LegariaR97;0.9355943202972412;
290599;journals/sigmod/Snodgrass98a;0.9129782319068909;
390004;journals/sigmod/Snodgrass98a;0.9094067960977554;
223871;conf/sigmod/French95;0.8498768955469131;
601865;journals/sigmod/Aberer02a;0.9437321871519089;
604274;journals/sigmod/Aberer02a;0.9145655184984207;
507353;journals/sigmod/Aberer02a;0.9437321871519089;
565129;journals/sigmod/Aberer02a;0.9437321871519089;
637424;journals/sigmod/Aberer02a;0.9437321871519089;
776994;journals/sigmod/Aberer02a;0.9145655184984207;
959078;journals/sigmod/Aberer02a;0.9145655184984207;
375786;conf/sigmod/HanPLJ01;0.7784793227910995;
564726;conf/sigmod/Ramanan02;0.8791737705469131;
671685;conf/vldb/Schnase00;0.8723214343190193;
181565;journals/sigmod/Loeffen94;0.9429152011871338;
375752;conf/sigmod/DeolaseeKPRS01;0.8132001310586929;
672190;conf/vldb/CasatiDGS01;0.8199020847678185;
565120;journals/sigmod/OrlandicLS02;0.8786087483167648;
233371;conf/sigmod/NguyenS96;0.8745441436767578;
233320;conf/sigmod/SimmenSM96;0.7939173579216003;
671177;conf/vldb/CherniackZ98;0.8723214343190193;
603878;journals/sigmod/Lomet01;0.8925554007291794;
670998;conf/vldb/WildfogelY97;0.8723214343190193;
672830;conf/vldb/Lesk94;0.8723214343190193;
253370;conf/sigmod/CareyMN97;0.730904221534729;
223842;conf/sigmod/AdelbergGK95;0.818888708949089;
191945;conf/sigmod/Englert94;0.869093120098114;
276371;conf/sigmod/Lassettre98;0.8715207129716873;
601859;journals/sigmod/Hammer02a;0.9510421305894852;
191989;conf/sigmod/Blakeley94;0.8127818256616592;
671330;conf/vldb/GehrkeRG98;0.7929945066571236;
671510;conf/vldb/DonjerkovicR99;0.8723214343190193;
673132;conf/vldb/BrownS95;0.8723214343190193;
212020;journals/sigmod/RosenthalSMBTL95;0.8652905970811844;
375723;conf/sigmod/NguyenACP01;0.8362747132778168;
758364;conf/vldb/LuSL95;0.7987920120358467;
564758;conf/sigmod/SzalayGTKMRSv02;0.7942128330469131;
671861;conf/vldb/Schek00;0.8035714402794838;
245893;journals/sigmod/Ahlberg96;0.9472044110298157;
672038;conf/vldb/Sol01;0.8723214343190193;
335412;conf/sigmod/FaloutsosSTT00;0.8081866204738617;
191947;conf/sigmod/Fernandez94;0.865284875035286;
223886;conf/sigmod/CeriFPP95;0.7867971062660217;
276367;conf/sigmod/Aulakh98;0.8791737705469131;
181553;journals/sigmod/DreyerDS94;0.88273486495018;
223902;journals/sigmod/DreyerDS94;0.7041321322321892;
671027;conf/vldb/SilversteinBMU98;0.8261675909161568;
276328;conf/sigmod/DeshpandeRSN98;0.8030626624822617;
185828;journals/tods/CeriFPT94;0.8767204284667969;
261125;journals/tods/FranklinCL97;0.9627285897731781;
375773;conf/sigmod/ShahC01;0.8718208223581314;
191891;conf/sigmod/KrollW94;0.8279832899570465;
233311;conf/sigmod/SrikantA96;0.8674550205469131;
278246;journals/tods/StoreyCDGS97;0.8945234715938568;
304232;conf/sigmod/HinneburgK99;0.8679797351360321;
673140;conf/vldb/Fecteau95;0.8723214343190193;
280354;conf/sigmod/LeflerSW96;0.7902848720550537;
672203;conf/vldb/ShanmugasundaramKSFF01;0.7950742468237877;
502033;journals/tods/Ng01;0.9727285951375961;
304244;conf/sigmod/Team99;0.7953753024339676;
304242;conf/sigmod/Greer99;0.8587656021118164;
672180;conf/vldb/CherniackFZ01;0.8041396215558052;
776987;journals/sigmod/JukicNV03;0.9419960826635361;
320252;journals/tods/GravanoGT99;0.8785108476877213;
375718;conf/sigmod/LazaridisM01;0.8682362735271454;
959083;journals/sigmod/LenzVJS03;0.8777599781751633;
564735;conf/sigmod/MoonWH02;0.8013959974050522;
637425;journals/sigmod/Badia02;0.8798651844263077;
673653;conf/vldb/StathatosRB97;0.8053571507334709;
320255;conf/sigmod/HjaltasonS98;0.7189265862107277;
276326;conf/sigmod/HjaltasonS98;0.8440923541784286;
310061;journals/sigmod/Gal99;0.9511275738477707;
248610;journals/sigmod/Gardels97;0.9462574422359467;
381897;journals/sigmod/PhatakSSS96;0.8942334353923798;
233351;conf/sigmod/BrownCL96;0.866978645324707;
223887;conf/sigmod/ColletC95;0.7950828522443771;
872796;conf/sigmod/ChaudhuriGGM03;0.8660158812999725;
276364;conf/sigmod/NgLK98;0.8704528361558914;
671859;conf/vldb/Taylor00;0.8723214343190193;
671698;conf/vldb/Nori00;0.8723214343190193;
959084;journals/sigmod/Giorgini03;0.9576210826635361;
381889;journals/sigmod/BerndtssonH96;0.9090606421232224;
212013;journals/sigmod/Wong95;0.9472044110298157;
280349;journals/sigmod/Keim96;0.7839838936924934;
245896;journals/sigmod/Keim96;0.9510421305894852;
236714;journals/tods/RaschidL96;0.9598419964313507;
176570;journals/tods/ScioreSR94;0.9605003297328949;
564799;conf/sigmod/ShashaB02;0.8791737705469131;
564798;conf/sigmod/ShashaB02;0.8761249929666519;
673655;conf/vldb/SeidlK97;0.8723214343190193;
219751;journals/sigmod/Ulusoy95;0.8644392639398575;
673320;conf/vldb/Ogawa96;0.8686982467770576;
373638;journals/sigmod/Aggarwal01;0.9463851302862167;
959086;journals/sigmod/KambhampatiK03;0.9576210826635361;
232796;journals/tods/DeyS96;0.9613649547100067;
232755;journals/tods/CiacciaTZ96;0.8835551887750626;
569784;journals/tods/Kim94;0.8899904936552048;
277641;journals/tods/SistlaWYS98;0.9106966257095337;
758381;conf/vldb/AnciauxBBPV01;0.8041396215558052;
335372;conf/sigmod/HanPY00;0.8052236884832382;
276349;conf/sigmod/Mylopoulos98;0.8228357434272766;
271083;journals/sigmod/NadoH97;0.9480056911706924;
872875;conf/sigmod/JohnsonD03;0.8646388798952103;
223874;conf/sigmod/Atkinson95;0.787235364317894;
276380;conf/sigmod/Cohen98a;0.8686316013336182;
276323;conf/sigmod/Cohen98a;0.8112126141786575;
671032;conf/vldb/George98;0.8008928671479225;
223872;conf/sigmod/Perna95;0.8674550205469131;
671508;conf/vldb/Hamilton99;0.8723214343190193;
672021;conf/vldb/JiangSLB00;0.8036594614386559;
276378;conf/sigmod/ChaudhuriN98a;0.8461484014987946;
191870;conf/sigmod/IoannidisL94;0.871962234377861;
671364;conf/vldb/BonczMK99;0.8048214390873909;
271077;journals/sigmod/Suciu97;0.9227373600006104;
383892;journals/tods/ChomickiTB01;0.9446673691272736;
673470;conf/vldb/Bhashyam96;0.8723214343190193;
381901;journals/sigmod/Qian96;0.9490003883838654;
564778;conf/sigmod/CrescenziMM02;0.8013435751199722;
672370;conf/sigmod/CrescenziMM02;0.6775283291935921;
672358;conf/vldb/ManolopoulosT01;0.7977246567606926;
381895;journals/sigmod/Wade96;0.9462574422359467;
672189;conf/vldb/BaumgartnerFG01a;0.7915922775864601;
672194;conf/vldb/BaumgartnerFG01a;0.7148877307772636;
191884;conf/sigmod/NybergBCGL94;0.7797172367572784;
212007;journals/sigmod/Fong95;0.9452971369028091;
304228;conf/sigmod/Ozsu99;0.7556150704622269;
673627;conf/vldb/SrivastavaDJL96;0.7968904003500938;
671507;conf/vldb/GohOST99;0.7889880910515785;
671683;conf/vldb/Banerjee00;0.8723214343190193;
672828;conf/vldb/NgY94;0.8723214343190193;
671499;conf/vldb/ShanmugasundaramGTZDN99;0.8136479631066322;
233335;conf/sigmod/LibkinMW96;0.7895961999893188;
190644;journals/sigmod/GroskyFS94;0.8845577090978622;
673664;conf/vldb/KraissW97;0.8723214343190193;
872783;conf/sigmod/KangN03;0.8643432557582855;
375783;conf/sigmod/WhitneyS01;0.8384490311145782;
306129;journals/sigmod/Domingo-FerrerH98;0.9182477444410324;
673486;conf/vldb/Sacks-Davis96;0.8723214343190193;
219777;journals/sigmod/Finkelstein95;0.9437321871519089;
673335;conf/vldb/Moni96;0.8723214343190193;
190638;journals/sigmod/JainH94;0.9483618289232254;
671492;conf/vldb/BrodieC99;0.8723214343190193;
671511;conf/vldb/LakshmananSS99;0.7994047775864601;
872809;conf/sigmod/GuptaS03;0.8716737776994705;
673152;conf/vldb/Wang95;0.8723214343190193;
304195;conf/sigmod/Hidber99;0.8666737675666809;
671840;conf/vldb/Tsur00;0.8723214343190193;
191936;conf/sigmod/Martin94;0.8658758997917175;
335474;conf/sigmod/Nori00;0.7359775751829147;
357778;journals/tods/ParsonsW00;0.9727285951375961;
672361;conf/vldb/SundaraHCAS01;0.7992694899439812;
672368;conf/vldb/ManolescuFK01;0.8073214367032051;
672036;conf/vldb/May01;0.8723214343190193;
383737;journals/tods/HsuSY01;0.9683038145303726;
672367;conf/vldb/AilamakiDHS01;0.795115552842617;
310060;journals/sigmod/FowlerPNB99;0.8648577034473419;
507360;journals/sigmod/Suciu02;0.9486925154924393;
304569;conf/sigmod/TrisoliniLN99;0.7900828570127487;
202671;journals/sigmod/Jarke95;0.9518071264028549;
306119;journals/sigmod/BollKB98;0.8785769641399384;
672818;conf/vldb/HjelsvoldM94;0.8723214343190193;
673322;conf/vldb/Atal96;0.8723214343190193;
581754;journals/tods/TaoPZ02;0.8861901313066483;
335413;conf/sigmod/RodriguezR00;0.8141853511333466;
261131;journals/tods/LakshmananLRS97;0.8738315403461456;
673156;conf/vldb/Hallmark95;0.8723214343190193;
671858;conf/vldb/MohanBWSZ00;0.8261675909161568;
958948;journals/tods/HjaltasonS03;0.968696340918541;
306124;journals/sigmod/BuchnerM98;0.9139100760221481;
673472;conf/vldb/Kleewein96;0.8723214343190193;
219760;journals/sigmod/EnglertGH95;0.9444631934165955;
671490;conf/vldb/Pound99;0.8723214343190193;
310712;journals/tods/LeveneL99;0.9633535891771317;
564788;conf/sigmod/HellersteinW02;0.8791737705469131;
507351;journals/sigmod/Bussler02;0.9486925154924393;
248608;journals/sigmod/RiekertMW97;0.8996004611253738;
304243;conf/sigmod/Hammond99;0.8738546222448349;
564714;conf/sigmod/PapakonstantinouPV02;0.8791737705469131;
673302;conf/vldb/AmsalegFG95;0.7978022024035454;
959081;journals/sigmod/Wiegand03;0.955652579665184;
253384;conf/sigmod/LiCHH97;0.802063375711441;
673489;conf/vldb/Sullivan96;0.8723214343190193;
232691;journals/tods/BellNNS96;0.9172240793704987;
564785;conf/sigmod/LuWYBLY02;0.7958404272794724;
672976;conf/vldb/GutierrezPST94;0.7987920120358467;
673151;conf/vldb/OrensteinK95;0.8723214343190193;
174642;journals/tods/CliffordC94;0.9615678787231445;
604278;journals/sigmod/Cardelli01;0.9492877423763275;
280360;conf/sigmod/HungYK96;0.7867160737514496;
253277;conf/sigmod/MumickQM97;0.868580549955368;
872877;conf/sigmod/Chamberlin03;0.8112050145864487;
673136;conf/vldb/HvasshovdTBH95;0.8403446897864342;
872778;conf/sigmod/Mamoulis03;0.8699145168066025;
601869;journals/sigmod/Neven02;0.9504782259464264;
776986;journals/sigmod/GolabO03;0.9146523326635361;
253393;conf/sigmod/AtzeniT97;0.8657809197902679;
375712;conf/sigmod/KalnisP01;0.8720309138298035;
672840;conf/vldb/MedianoCD94;0.7925800457596779;
671358;conf/vldb/Kornacker99;0.8723214343190193;
248609;journals/sigmod/FrewD97;0.9451210796833038;
671008;conf/vldb/GoldmanW97;0.8723214343190193;
672842;conf/vldb/LitwinNS94;0.8723214343190193;
564790;conf/sigmod/Bonnet02;0.8791737705469131;
271095;journals/sigmod/JajodiaBBKMSW97;0.8693891912698746;
673473;conf/vldb/Hammond96;0.8723214343190193;
253409;conf/sigmod/Chakravarthy97;0.8084500879049301;
673633;conf/vldb/CareyHMW96;0.8196428641676903;
248605;journals/sigmod/AbelTK97;0.8698806911706924;
276330;conf/sigmod/Adelberg98;0.8240267187356949;
672351;conf/vldb/Gibbons01;0.8723214343190193;
671491;conf/vldb/PedersenJD99;0.8098214343190193;
601864;journals/sigmod/Aberer03;0.8689306080341339;
604273;journals/sigmod/Aberer03;0.8689306080341339;
637423;journals/sigmod/Aberer03;0.8689306080341339;
507352;journals/sigmod/Aberer03;0.8689306080341339;
565128;journals/sigmod/Aberer03;0.8689306080341339;
776993;journals/sigmod/Aberer03;0.8980972766876221;
245895;journals/sigmod/KennedyMB96;0.8904390186071396;
601866;journals/sigmod/Kuijpers02;0.8826210796833038;
310710;journals/tods/DattaVCK99;0.8772487044334412;
601865;journals/sigmod/Aberer03d;0.9284544140100479;
604274;journals/sigmod/Aberer03d;0.9284544140100479;
507353;journals/sigmod/Aberer03d;0.9284544140100479;
565129;journals/sigmod/Aberer03d;0.9284544140100479;
637424;journals/sigmod/Aberer03d;0.9284544140100479;
776994;journals/sigmod/Aberer03d;0.9576210826635361;
959078;journals/sigmod/Aberer03d;0.9576210826635361;
335471;conf/sigmod/Ramakrishnan00;0.8314764052629471;
223861;conf/sigmod/Hope95;0.8738546222448349;
336568;conf/sigmod/Galhardas00;0.8033001720905304;
564799;conf/sigmod/ShashaB02a;0.8761249929666519;
564798;conf/sigmod/ShashaB02a;0.8791737705469131;
671347;conf/vldb/AcharyaGP99;0.8723214343190193;
872865;conf/sigmod/AgrawalK03;0.800122395157814;
872832;conf/sigmod/DeHaanTCO03;0.8033044338226318;
603869;journals/sigmod/Aberer01;0.9403797090053558;
945727;journals/sigmod/Aberer01;0.8573337346315384;
276379;conf/sigmod/KiepuszewskiMO98;0.7598061859607697;
672831;conf/vldb/TeisseirePC94;0.8723214343190193;
276337;conf/sigmod/ChaudhuriN98;0.8350939750671387;
304226;conf/sigmod/Seshadri99;0.8212027549743652;
672841;conf/vldb/BrinkhoffK94;0.8723214343190193;
672988;conf/vldb/FrohnLU94;0.8528769835829735;
958946;journals/tods/Chomicki03;0.9727285951375961;
507350;journals/sigmod/BallMRZ02;0.9003294110298157;
673642;conf/vldb/MalonM97;0.8723214343190193;
223877;conf/sigmod/Gerber95;0.8022823184728622;
673325;conf/vldb/Toivonen96;0.8723214343190193;
673165;conf/vldb/EicklerGK95;0.8514881059527397;
671696;conf/vldb/ChaudhuriW00;0.8723214343190193;
290602;journals/sigmod/KeetonPH98;0.8742100894451141;
564766;conf/sigmod/MarklL02;0.85139599442482;
202666;journals/sigmod/Jannink95;0.9500453323125839;
671357;conf/vldb/ChengGKLLQS99;0.8072172775864601;
673644;conf/vldb/Huyn97;0.8723214343190193;
191986;conf/sigmod/HwangLYMMGCSS94;0.7896403521299362;
276387;conf/sigmod/ParkKKLPC98;0.8048171550035477;
672837;conf/vldb/GaasterlandL94;0.8723214343190193;
564794;conf/sigmod/GarofalakisGR02;0.7919096201658249;
601865;journals/sigmod/Aberer03b;0.9284544140100479;
604274;journals/sigmod/Aberer03b;0.9284544140100479;
507353;journals/sigmod/Aberer03b;0.9284544140100479;
565129;journals/sigmod/Aberer03b;0.9284544140100479;
637424;journals/sigmod/Aberer03b;0.9284544140100479;
776994;journals/sigmod/Aberer03b;0.9576210826635361;
959078;journals/sigmod/Aberer03b;0.9576210826635361;
375685;conf/sigmod/DeshpandeGR01;0.7877986580133438;
375677;conf/sigmod/FabretJLPRS01;0.761399045586586;
673133;conf/vldb/Bayer95;0.8723214343190193;
673669;conf/vldb/GibbonsMP97;0.7963410392403603;
375730;conf/sigmod/Amer-YahiaCLS01;0.7912923097610474;
373708;journals/sigmod/BoscMP01;0.8518223166465759;
673471;conf/vldb/Celis96;0.8723214343190193;
672181;conf/vldb/DillKMRST01;0.7898746207356453;
959062;journals/sigmod/Snodgrass03c;0.9201210886240005;
671170;conf/vldb/RamaswamyMS98;0.8723214343190193;
673161;conf/vldb/Lindsay95;0.867691807448864;
507235;journals/tods/Suciu02;0.9727285951375961;
673630;conf/vldb/Malaika96;0.8723214343190193;
672034;conf/vldb/AboulnagaAN01;0.7933740690350533;
565137;journals/sigmod/LaenderRST02;0.8723600655794144;
671503;conf/vldb/HoskingC99;0.8723214343190193;
233359;conf/sigmod/HellersteinN96;0.8680130541324615;
335420;conf/sigmod/HaasH01;0.7260638624429703;
564723;conf/sigmod/HaasH01;0.7343661487102509;
253368;conf/sigmod/Shasha97;0.8424889892339706;
202110;journals/tods/Chen95;0.9640076607465744;
671190;conf/sigmod/GeorgeH97;0.7830229476094246;
253362;conf/sigmod/GeorgeH97;0.8413083404302597;
211994;journals/sigmod/AbiteboulH95;0.9467515200376511;
673629;conf/vldb/Suciu96;0.8723214343190193;
672033;conf/vldb/Wadler01;0.8723214343190193;
564742;conf/sigmod/ChoiC02;0.8791737705469131;
672174;conf/vldb/GilbertKMS01;0.7953983619809151;
245891;journals/sigmod/TaninBS96;0.8682627081871033;
253347;conf/sigmod/KatayamaS97;0.8661867529153824;
672183;conf/vldb/Kotidis01;0.8723214343190193;
223890;conf/sigmod/MassariPSC95;0.7819721400737762;
672025;conf/vldb/RaghavanG01;0.8723214343190193;
776996;journals/sigmod/Nascimento03;0.9576210826635361;
253325;conf/sigmod/BrinMUT97;0.785984143614769;
273255;journals/sigmod/GatziuKBF98;0.8745565712451935;
304213;conf/sigmod/SeshadriLR94;0.6861040443181992;
673647;conf/vldb/Jacobs97;0.8723214343190193;
223809;conf/sigmod/RamaswamyK95;0.8670769929885864;
671700;conf/vldb/Carey00;0.8723214343190193;
344803;journals/sigmod/Vassilakis00;0.9442877471446991;
671701;conf/vldb/AgrawalCN00;0.7992082312703133;
672028;conf/vldb/KahveciS01;0.8723214343190193;
280351;conf/sigmod/Han96;0.8678101301193237;
245890;journals/sigmod/Ioannidis96;0.9500453323125839;
362140;journals/sigmod/LeeC00;0.9472044110298157;
672980;conf/vldb/Guting94;0.8150297626852989;
271094;journals/sigmod/GrayG97;0.9402160197496414;
671013;conf/vldb/JagadishNSSK97;0.7851503863930702;
959066;journals/sigmod/Mani03;0.9576210826635361;
601859;journals/sigmod/Hammer03;0.921875461935997;
381893;journals/sigmod/FreemanG96;0.9440341293811798;
277639;journals/tods/KonopnickiS98;0.9656263291835785;
223803;conf/sigmod/WilschutFA95;0.7934492230415344;
671852;conf/vldb/ChakrabartiM00;0.8723214343190193;
507342;journals/sigmod/Cingil02;0.9449092149734497;
288088;journals/tods/Revesz98;0.9616174846887589;
872838;conf/sigmod/CranorJSS03;0.8114602714776993;
276317;conf/sigmod/UrhanFA98;0.8628694266080856;
671351;conf/vldb/JohnsonM98;0.7292325273156166;
672370;conf/vldb/MeccaCM01;0.7944912388920784;
375693;conf/sigmod/BabuGR01;0.7830887138843536;
335452;conf/sigmod/WattezCBFF00;0.8155666887760162;
564718;conf/sigmod/GillmannWW02;0.7949901074171066;
672214;conf/vldb/Duranti01;0.8723214343190193;
277955;conf/sigmod/Epstein95;0.8791737705469131;
277954;conf/sigmod/Epstein95;0.7899580746889114;
673306;conf/vldb/Madnick95;0.8723214343190193;
290605;journals/sigmod/FlorescuLM98;0.8710826188325882;
776999;journals/sigmod/Vianu03;0.9576210826635361;
564701;conf/sigmod/OlstonW02;0.8791737705469131;
219772;journals/sigmod/Qian95b;0.9545723050832748;
872800;conf/sigmod/StoltePAG03;0.7920880019664764;
248606;journals/sigmod/TomasicS97;0.9459023326635361;
273251;journals/sigmod/Seshadri98;0.9248829931020737;
673307;conf/vldb/MogiK95;0.8723214343190193;
945731;journals/sigmod/NejdlSS03;0.896509975194931;
233341;conf/sigmod/KrishnanVI96;0.7972871959209442;
959064;journals/sigmod/Kumar03;0.9576210826635361;
673461;conf/vldb/ChaudhuriS96;0.8723214343190193;
344857;journals/sigmod/JacobS99;0.9343652725219727;
369289;journals/sigmod/BernsteinHP00;0.8617182224988937;
191924;conf/sigmod/McIverK94;0.8567346185445786;
673487;conf/vldb/FaloutsosG96;0.8723214343190193;
756664;conf/vldb/Dasgupta96;0.8723214343190193;
335405;conf/sigmod/LiefkeS00;0.8588249385356903;
344815;conf/sigmod/LiefkeS00;0.8508131951093674;
564722;conf/sigmod/BrunoC02;0.8791737705469131;
672822;conf/vldb/ChawatheCY94;0.8723214343190193;
671530;conf/vldb/VriesDBA99;0.8146291300654411;
671185;conf/vldb/MengLYWCR98;0.795514203608036;
191955;conf/sigmod/BryanMCLG94;0.7867216169834137;
227605;journals/tods/BaralisCP96;0.9040138870477676;
673314;conf/vldb/FerrandinaMZFM95;0.794577531516552;
672991;conf/vldb/FerrandinaMZFM95;0.6903798058629036;
672204;conf/vldb/WiesnerK01;0.8723214343190193;
671349;conf/vldb/McHughW99;0.8723214343190193;
304200;conf/sigmod/LeeKC99;0.8042039126157761;
309883;journals/sigmod/Hampapur99;0.9405756294727325;
373705;journals/sigmod/CarmelMS01;0.8789809793233871;
672013;conf/vldb/DingGS00;0.8138108029961586;
276311;conf/sigmod/CherniackZ96;0.739357203245163;
233356;conf/sigmod/CherniackZ96;0.8670769929885864;
565141;journals/sigmod/EisenbergM02;0.9455243051052094;
672991;conf/vldb/FerrandinaMZ94;0.8723214343190193;
191929;conf/sigmod/Carey94;0.8727635145187378;
223788;conf/sigmod/BrodskyK95;0.8685354739427567;
304248;conf/sigmod/BergstraesserBPS99;0.8010934293270111;
381882;journals/sigmod/AdelbergKG96;0.9576210826635361;
304584;conf/sigmod/RoussopoulosKS99;0.7874825894832611;
191882;conf/sigmod/PangCL94;0.797478437423706;
564755;conf/sigmod/KanthRA02;0.8236182183027267;
195675;journals/tods/WinslettSQ94;0.9611545205116272;
331986;journals/tods/MuralidharS99;0.9613649547100067;
671009;conf/vldb/KumarKA97;0.8723214343190193;
191937;conf/sigmod/Cattell94;0.8680626600980759;
274461;journals/sigmod/BaaderJN97;0.8608220368623734;
223846;conf/sigmod/DuSD95;0.8666737675666809;
191965;conf/sigmod/GrossmanHQ95;0.7224108576774597;
673474;conf/vldb/BohlenSS96;0.7961495593190193;
672206;conf/vldb/ZhouLZLZJT01;0.8119766041636467;
603875;journals/sigmod/ChienTZ01;0.8804249912500381;
276360;conf/sigmod/FranklinZ98;0.8046571314334869;
304218;conf/sigmod/AggarwalWY99;0.7835320085287094;
375687;conf/sigmod/JagadishJOT01;0.7970787882804871;
271080;journals/sigmod/AtzeniMM97;0.8954066336154938;
673153;conf/vldb/YanG95;0.8723214343190193;
369284;journals/vldb/PottingerH01;0.6868964955210686;
276370;conf/sigmod/Chong98;0.869305357336998;
262767;journals/sigmod/JukicV97;0.9244989603757858;
352983;journals/tods/Lerner00;0.9727285951375961;
673164;conf/vldb/AmmannJR95;0.7860119119286537;
276373;conf/sigmod/Kennamer98;0.8665155470371246;
672993;conf/vldb/Spaccapietra94;0.867691807448864;
276314;conf/sigmod/AgrawalGGR98;0.813306137919426;
671329;conf/vldb/Ganguly98;0.8723214343190193;
872866;conf/sigmod/ZhuSZ03;0.7825728952884674;
671849;conf/vldb/GoldsteinR00;0.8723214343190193;
671687;conf/vldb/WangZ00;0.8723214343190193;
671350;conf/vldb/SahuguetA99;0.8723214343190193;
673637;conf/vldb/Cuppens96;0.8002060428261757;
671668;conf/vldb/KonigW99;0.8387848511338234;
191944;conf/sigmod/Ballinger94;0.8695583790540695;
564783;conf/sigmod/PhanN02;0.8541737645864487;
673162;conf/vldb/Spintzik95;0.8723214343190193;
673157;conf/vldb/AgrawalPWZ95;0.8143504187464714;
233342;conf/sigmod/PoosalaIHS96;0.7828985154628754;
344822;journals/sigmod/BonifatiC00;0.9472044110298157;
673469;conf/vldb/LevyRO96;0.8005129173398018;
565122;journals/sigmod/Wiegand02;0.9475404322147369;
304208;conf/sigmod/HaasH99;0.868459478020668;
191990;conf/sigmod/Mohan94;0.8671545386314392;
672360;conf/vldb/Mohan01;0.8723214343190193;
273270;journals/sigmod/Rosenthal98;0.9397639334201813;
304235;conf/sigmod/KrishnamurthyBN99;0.769401028752327;
673648;conf/vldb/Jamil97;0.8723214343190193;
671335;conf/vldb/BelloDDFNSWZ98;0.7859120443463326;
671173;conf/vldb/Moerkotte98;0.8723214343190193;
276344;conf/sigmod/MatiasVW98;0.7841425687074661;
335424;conf/sigmod/BarclaySG00;0.7597028911113739;
335469;conf/sigmod/Jhingran00;0.868459478020668;
672188;conf/vldb/UrhanF01;0.8723214343190193;
604284;journals/sigmod/Cetintemel01;0.8627905696630478;
671680;conf/vldb/Brodie00;0.8723214343190193;
672827;conf/vldb/NgH94;0.8723214343190193;
673144;conf/vldb/MillinerBP95;0.7995941713452339;
253293;conf/sigmod/AcharyaFZ97;0.7885653078556061;
565119;journals/sigmod/SlivinskasJS02;0.8695528954267502;
673324;conf/vldb/Gupta96;0.8723214343190193;
671495;conf/vldb/TamuraK99;0.8723214343190193;
223851;conf/sigmod/FreedmanD95;0.8672690093517303;
673001;conf/vldb/KamelF94;0.8723214343190193;
671671;conf/vldb/HaasKU99;0.7949404790997505;
872777;conf/sigmod/WangJLY03;0.792154535651207;
280349;conf/sigmod/Keim96;0.8699145168066025;
245896;conf/sigmod/Keim96;0.8238089084625244;
945733;journals/sigmod/ArenasKKKMM03;0.8720947653055191;
375681;conf/sigmod/BohannonMR01;0.7958881109952927;
181553;conf/sigmod/DreyerDS95;0.8076826483011246;
223902;conf/sigmod/DreyerDS95;0.8685354739427567;
304196;conf/sigmod/LakshmananNHP99;0.7967975437641144;
945724;journals/sigmod/Halevy03;0.9576210826635361;
872868;conf/sigmod/KornMZ03;0.7977815717458725;
253406;conf/sigmod/WangSCRZP97;0.806357353925705;
568520;conf/sigmod/KeoghCMP01;0.7551572397351265;
306141;journals/sigmod/Ritter98;0.9457163214683533;
564771;conf/sigmod/ChenRW02;0.7968566864728928;
223873;conf/sigmod/Olson95;0.8644678890705109;
233355;conf/sigmod/McAuliffeCS96;0.8071961253881454;
872765;conf/sigmod/DasGR03;0.7923682183027267;
304214;conf/sigmod/BeyerR99;0.8443598449230194;
375692;conf/sigmod/ChenGK01;0.7851686775684357;
375810;conf/sigmod/Bussler01;0.8739654421806335;
601865;journals/sigmod/Aberer02c;0.9437321871519089;
604274;journals/sigmod/Aberer02c;0.9145655184984207;
507353;journals/sigmod/Aberer02c;0.9437321871519089;
565129;journals/sigmod/Aberer02c;0.9437321871519089;
637424;journals/sigmod/Aberer02c;0.9437321871519089;
776994;journals/sigmod/Aberer02c;0.9145655184984207;
959078;journals/sigmod/Aberer02c;0.9145655184984207;
672024;conf/vldb/SakuraiYKU01;0.7896008566021919;
176573;journals/tods/YanG94;0.8982162624597549;
375742;conf/sigmod/Maguire01;0.8683042079210281;
223817;conf/sigmod/GuptaMR95;0.8543681204319;
945722;journals/sigmod/NascimentoSP03;0.9311787784099579;
304576;conf/sigmod/AdelbergD99;0.8722293227910995;
673298;conf/vldb/BargaP95;0.8723214343190193;
335466;conf/sigmod/ChenCPPSTM00;0.7822942286729813;
375674;conf/sigmod/FernandezMS01;0.7904658913612366;
958945;journals/tods/ChoG03;0.9727285951375961;
673466;conf/vldb/SevcikK96;0.8723214343190193;
672011;conf/vldb/MatiasVW00;0.8723214343190193;
671168;conf/vldb/FlorescuLS98;0.8021994903683662;
672819;conf/vldb/SteenhagenABB94;0.8142228499054909;
185854;journals/tods/KorthS94;0.9168922007083893;
672208;conf/vldb/StohrR01;0.8264880999922752;
672375;conf/vldb/ChaHKK01;0.7995941713452339;
233332;conf/sigmod/HillyerS96;0.8108702003955841;
202673;journals/sigmod/MedskerCS95;0.9444631934165955;
640992;journals/sigmod/GottlobKP03;0.9492877423763275;
776988;journals/sigmod/GottlobKP03;0.9492877423763275;
673137;conf/vldb/BassiliadesV95;0.8588079139590263;
671836;conf/vldb/NetzCBF00;0.8723214343190193;
671344;conf/vldb/Greco98;0.8723214343190193;
672005;conf/vldb/GrumbachRS00;0.8534535095095634;
373680;journals/sigmod/PuSW01;0.859382376074791;
640994;journals/sigmod/WenLMZ03;0.9410912096500397;
758367;conf/vldb/ScheuermannSV96;0.7969522848725319;
181568;journals/sigmod/Gallagher94;0.9480056911706924;
233349;conf/sigmod/Tajima96;0.8672690093517303;
191991;conf/sigmod/Jagadish94;0.873491957783699;
290598;journals/sigmod/Lomet98;0.88951475918293;
673294;conf/vldb/GravanoG95;0.8723214343190193;
776995;journals/sigmod/Hoffner03;0.9576210826635361;
758366;conf/vldb/Baru96;0.8723214343190193;
673154;conf/vldb/YanL95;0.8330357149243355;
331989;journals/tods/WandSW99;0.8864712864160538;
673312;conf/vldb/ChaudhuriGS95;0.8723214343190193;
671352;conf/vldb/DattaRT99;0.8048214390873909;
671494;conf/vldb/RothOH99;0.8068452402949333;
671498;conf/vldb/BernsteinPS99;0.8112103268504143;
672008;conf/vldb/ChoenniV00;0.8723214343190193;
333612;journals/sigmod/YauLMS99;0.8781526684761047;
672372;conf/vldb/MarronL01;0.8052482679486275;
381873;journals/sigmod/KuoM96;0.9095441550016403;
672010;conf/vldb/ManegoldBK00;0.7948214337229729;
673164;journals/tods/AmmannJR97;0.7408361732959747;
249981;journals/tods/AmmannJR97;0.8758556991815567;
273247;journals/sigmod/Chaudhri98;0.9446340650320053;
672009;conf/vldb/RamasamyPNK00;0.8223214372992516;
233317;conf/sigmod/VanceM96;0.8706991970539093;
335422;conf/sigmod/GoldmanW00;0.869305357336998;
758382;conf/vldb/MargaritisFT01;0.8723214343190193;
604269;journals/sigmod/CabreraLM01;0.8718744814395905;
959079;journals/sigmod/WangD03;0.955193892121315;
672178;conf/vldb/OoiYTJ01;0.8085959330201149;
233318;conf/sigmod/GoelI96;0.7895103096961975;
671845;conf/vldb/SchaeferBBJ00;0.7992445006966591;
191844;conf/sigmod/BarbaraI94;0.8058919161558151;
277954;conf/sigmod/Ellison95;0.8239654302597046;
375716;conf/sigmod/LangS01;0.8682088553905487;
671526;conf/vldb/Mohan99;0.8723214343190193;
375733;conf/sigmod/CarinoKKB01;0.8257541656494141;
191935;conf/sigmod/Kulkarni94;0.8669188618659973;
601867;journals/sigmod/Weikum02;0.8987975567579269;
672835;conf/vldb/HasanM94;0.8723214343190193;
672020;conf/vldb/YagoubFIV00;0.8011408820748329;
232622;journals/tods/LiuM96;0.9596333503723145;
219737;journals/sigmod/WolfsonSDNR95;0.8674942553043365;
672027;conf/vldb/JensenL01;0.8723214343190193;
945735;journals/sigmod/Ouksel03;0.9576210826635361;
273264;journals/sigmod/ChangASS98;0.8596804589033127;
223884;conf/sigmod/Gibson95;0.8392801582813263;
333611;journals/sigmod/RosenthalS99;0.9404642134904861;
507346;journals/sigmod/Kim02;0.9451210796833038;
375757;conf/sigmod/Sahuguet01;0.8770186007022858;
672352;conf/vldb/OzdenGHNSDGGW01;0.8065806999802589;
191932;conf/sigmod/GorelikWD94;0.795455813407898;
671509;conf/vldb/BamfordAP99;0.7909260764718056;
191913;conf/sigmod/CookWZ94;0.8206403255462646;
671001;conf/vldb/KietzRS97;0.8544642850756645;
375672;conf/sigmod/BreunigKKS01;0.7913165092468262;
271096;journals/sigmod/DadamK97;0.9459544122219086;
211416;journals/tods/Chen95a;0.9627285897731781;
233327;conf/sigmod/AdaliCPS96;0.7880120426416397;
672833;conf/vldb/GoodmanRS94;0.8723214343190193;
564705;conf/sigmod/Grust02;0.8791737705469131;
672981;conf/vldb/KilgerM94;0.8723214343190193;
253268;conf/sigmod/ONeilQ97;0.8443419188261032;
234901;journals/sigmod/Colliat96;0.9485301673412323;
335479;conf/sigmod/Gal00;0.8119862675666809;
276338;conf/sigmod/JaedickeM98;0.8685030341148376;
219774;journals/sigmod/Stacey95;0.9576210826635361;
673480;conf/vldb/BerckenS96;0.8723214343190193;
671333;conf/vldb/BlottKS98;0.8110469207167625;
671031;conf/vldb/CarinoO98;0.8351592794060707;
673319;conf/vldb/SimonD95;0.8723214343190193;
290601;journals/sigmod/KappelR98;0.8894759267568588;
673495;conf/vldb/FukudaMMT96;0.8195045366883278;
959067;journals/sigmod/BonnetBDL03;0.9576210826635361;
671345;conf/vldb/RiedelGF98;0.8046130910515785;
671679;conf/vldb/ChoG00;0.8723214343190193;
671002;conf/vldb/MaratheS97;0.8723214343190193;
673329;conf/vldb/Padmanabhan96;0.8723214343190193;
191874;conf/sigmod/ChenR94;0.8254878669977188;
362142;journals/sigmod/Palpanas00;0.9477526694536209;
223814;conf/sigmod/WhiteD95;0.869093120098114;
670999;conf/vldb/BernsteinHSSZ97;0.7849926725029945;
202668;journals/sigmod/Chaudhri95;0.9472044110298157;
223798;conf/sigmod/PapadiasTSE95;0.85869961977005;
223791;conf/sigmod/GardarinMP95;0.8645904362201691;
344794;journals/sigmod/LabrinidisR00;0.948127418756485;
253280;conf/sigmod/DoppelhammerHKK97;0.7272657603025436;
381860;journals/sigmod/Bestavros96;0.9443232119083405;
671669;conf/vldb/Chawathe99;0.8723214343190193;
673000;conf/vldb/JagadishLRSS94;0.7963881716132164;
672971;conf/vldb/GehaniJR94;0.7948214337229729;
344850;journals/sigmod/Libkin99;0.9474170058965683;
673331;conf/vldb/LeeL96;0.8723214343190193;
673334;conf/vldb/Gawlick96;0.8723214343190193;
212014;journals/sigmod/KokkotosIPS95;0.8593446612358093;
671014;conf/vldb/AtzeniMM97;0.8213010206818581;
672207;conf/vldb/StanoiRAA01;0.8167658820748329;
671343;conf/vldb/Tygar98;0.8723214343190193;
249982;journals/tods/WolfsonJH97;0.8833511918783188;
253359;conf/sigmod/MotakisZ97;0.8680626600980759;
219772;journals/sigmod/Qian94a;0.8586869686841965;
191941;conf/sigmod/Pirahesh94;0.8680626600980759;
507343;journals/sigmod/SommerGB02;0.862621083855629;
276380;conf/sigmod/Cohen98;0.8112126141786575;
276323;conf/sigmod/Cohen98;0.8670378476381302;
671347;conf/sigmod/GibbonsM98;0.6778753325343132;
276334;conf/sigmod/GibbonsM98;0.8661867529153824;
945736;journals/sigmod/KoubarakisTID03;0.8765400052070618;
262770;journals/sigmod/McHughAGQW97;0.8665650486946106;
758383;conf/vldb/Adler01;0.8723214343190193;
233313;conf/sigmod/FukudaMMT96;0.7937512397766113;
276310;conf/sigmod/Fegaras98;0.8678101301193237;
672197;conf/vldb/BerckenS01;0.8723214343190193;
672037;conf/vldb/Huyn01;0.8723214343190193;
872823;conf/sigmod/ChengKP03;0.8695583790540695;
223852;conf/sigmod/BersonGM95;0.7816083580255508;
959061;journals/sigmod/Date03;0.9576210826635361;
369291;journals/sigmod/PoessF00;0.931460365653038;
603869;journals/sigmod/Aberer03c;0.8604719489812851;
945727;journals/sigmod/Aberer03c;0.9576210826635361;
304190;conf/sigmod/ShanmugasundaramNSR99;0.7909441292285919;
673304;conf/vldb/SrikantA95;0.8723214343190193;
219727;journals/sigmod/DunhamH95a;0.9465099722146988;
776991;journals/sigmod/FifeG03;0.9576210826635361;
253361;conf/sigmod/YangM97;0.8062570989131927;
640992;journals/sigmod/GottlobKP03a;0.8831530064344406;
776988;journals/sigmod/GottlobKP03a;0.8831530064344406;
872812;conf/sigmod/ZhangZPTL03;0.8172689974308014;
335383;conf/sigmod/AggarwalY00;0.8657122254371643;
671675;conf/sigmod/AggarwalY00;0.7073140367865562;
223850;conf/sigmod/LuMSS95;0.8636059910058975;
673130;conf/vldb/GallersdorferN95;0.8395833447575569;
673467;conf/vldb/Mattos96;0.8213955089449883;
671856;conf/vldb/Ladin00;0.8723214343190193;
568519;journals/tods/BrunoCG02;0.8939242511987686;
671866;conf/vldb/Deshpande00;0.8723214343190193;
375814;conf/sigmod/Smith01;0.8510487675666809;
335434;conf/sigmod/JagadishKS00;0.7989840805530548;
872822;conf/sigmod/BabcockCD03;0.7943452298641205;
276311;conf/sigmod/CherniackZ98;0.8248102217912674;
233356;conf/sigmod/CherniackZ98;0.7814587205648422;
673006;conf/vldb/Brin95;0.8723214343190193;
187462;journals/sigmod/Qian94;0.9531567990779877;
564761;conf/sigmod/Team02;0.8305626660585403;
671855;conf/vldb/KemmeA00;0.8723214343190193;
672014;conf/vldb/BeneventanoBCCGMMV00;0.7874333634972572;
670991;conf/vldb/LlirbatST97;0.7914390787482262;
248617;journals/sigmod/DoanPSB97;0.9452584385871887;
245906;journals/sigmod/Sidell96;0.9478171616792679;
507237;journals/tods/LiuDL02;0.8953476399183273;
309878;journals/sigmod/SmithO99;0.9432405531406403;
671851;conf/vldb/ChakrabartiGRS00;0.7983777746558189;
673464;conf/vldb/ViverosNR96;0.8028769865632057;
344853;journals/sigmod/Abiteboul99;0.9498085826635361;
375743;conf/sigmod/NazeriBO01;0.7898880541324615;
223843;conf/sigmod/BettiniWBJ95;0.8010713160037994;
872813;conf/sigmod/SunAA03;0.8699145168066025;
245885;journals/sigmod/Date96;0.9353608042001724;
276327;conf/sigmod/KotidisR98;0.8682362735271454;
212008;journals/sigmod/Lee95;0.924310639500618;
671326;conf/vldb/MiloZ98;0.8723214343190193;
671024;conf/vldb/OzsuVU98;0.7995941713452339;
672012;conf/vldb/Ramaswamy00;0.8723214343190193;
673628;conf/vldb/ChatziantoniouR96;0.8723214343190193;
672016;conf/vldb/BalminPP00;0.8056547716259956;
223786;conf/sigmod/MoleskyR95;0.8673813194036484;
671502;conf/vldb/Dayal99;0.8723214343190193;
363956;journals/tods/Meo00;0.9727285951375961;
344820;journals/sigmod/Etzion99;0.9415660351514816;
234903;journals/sigmod/Qian96a;0.93839031457901;
672006;conf/vldb/MendelzonV00;0.8723214343190193;
310715;journals/tods/Wijsen99;0.9646640866994858;
212024;journals/sigmod/Richey95;0.9478171616792679;
276325;conf/sigmod/PapadopoulosM98;0.8489805310964584;
505049;journals/tods/Snodgrass01a;0.9352286010980606;
505055;journals/tods/Snodgrass01a;0.9352286010980606;
671197;conf/vldb/HelmerWM98;0.7909260764718056;
671021;conf/vldb/ChavdaW97;0.8723214343190193;
344839;journals/sigmod/HansonN99;0.923469290137291;
304192;conf/sigmod/Jamil99;0.8704528361558914;
223869;conf/sigmod/Squire95;0.8590382039546967;
223841;conf/sigmod/IoannidisP95;0.8682362735271454;
672985;conf/vldb/BrownCC94;0.8098214343190193;
672995;conf/vldb/SreenathS94;0.8723214343190193;
187439;journals/sigmod/Group94;0.8887025415897369;
673638;conf/vldb/PoosalaI97;0.8723214343190193;
945734;journals/sigmod/OoiST03;0.9576210826635361;
672992;conf/vldb/BernsteinD94;0.8723214343190193;
223847;conf/sigmod/BhargavaGI95;0.7806147485971451;
176571;journals/tods/Subrahmanian94;0.9638000279664993;
671179;conf/vldb/ShivakumarGC98;0.7875756695866585;
671363;conf/vldb/VorugantiOU99;0.7950487062335014;
958944;journals/tods/LakshmananLN03;0.9091692715883255;
637416;journals/sigmod/FininJ02;0.9006035327911377;
253395;conf/sigmod/HammerGNYBV97;0.8395904302597046;
673652;conf/vldb/BaumannFRW97;0.7973214313387871;
945723;journals/sigmod/Snodgrass03b;0.9201210886240005;
335454;conf/sigmod/LehnerSPC00;0.7668994814157486;
672972;conf/vldb/LevySSZ94;0.8062500134110451;
507347;journals/sigmod/CuiJO02;0.8507463485002518;
219763;journals/sigmod/VenkatraoP95;0.9305940568447113;
673481;conf/vldb/PapakonstantinouAG96;0.7997407987713814;
671199;conf/vldb/Slutz98;0.8723214343190193;
276313;conf/sigmod/Bayardo98;0.8576659113168716;
223870;conf/sigmod/Bampahl95;0.8628694266080856;
304212;conf/sigmod/ChangG99;0.7826825380325317;
670994;conf/sigmod/ChangG99;0.6960855200886726;
603874;journals/sigmod/Suciu01;0.9480056911706924;
673327;conf/vldb/Hess96;0.8723214343190193;
223875;conf/sigmod/Kleissner95;0.8675071001052856;
375736;conf/sigmod/CandanLLHA01;0.7786411046981812;
223845;conf/sigmod/DavisonG95;0.8660158812999725;
505049;journals/tods/Snodgrass01;0.9352286010980606;
505055;journals/tods/Snodgrass01;0.9352286010980606;
673303;conf/vldb/SeligmanBNSW95;0.7925342097878456;
758377;conf/vldb/YuV00;0.8723214343190193;
672179;conf/vldb/BlokWZPAKJ01;0.8082458004355431;
253372;conf/sigmod/Kramer97;0.8420858532190323;
212022;journals/sigmod/Qian95a;0.9502681344747543;
276358;conf/sigmod/Doherty98;0.8727635145187378;
304220;conf/sigmod/DeutschFS99;0.854906365275383;
565121;journals/sigmod/PourabbasR02;0.9472044110298157;
673646;conf/vldb/ChaudhuriN97;0.8723214343190193;
673483;conf/vldb/Klots96;0.8723214343190193;
671353;conf/vldb/Campbell99;0.8723214343190193;
670995;conf/vldb/HaasKWY97;0.7854570224881172;
191938;conf/sigmod/Kim94;0.8672690093517303;
223878;conf/sigmod/Levine95;0.8637891560792923;
671504;conf/vldb/PitouraC99;0.8723214343190193;
244811;journals/tods/Keen97;0.9584056735038757;
375745;conf/sigmod/Meseck01;0.8262076675891876;
603870;journals/sigmod/Fankhauser01;0.9409544169902802;
672178;conf/sigmod/CuiOTS03;0.6627334132790565;
872815;conf/sigmod/CuiOTS03;0.7701554894447327;
191988;conf/sigmod/BrinkhoffKSS94a;0.8657809197902679;
672044;conf/vldb/ChaudhuriS01;0.8723214343190193;
383893;journals/tods/FukudaMMT01;0.9463201463222504;
507344;journals/sigmod/CiliaB02;0.8685203194618225;
671872;conf/vldb/RamsakMFZEB00;0.7894901111721992;
223879;conf/sigmod/Faloutsos95;0.8041737675666809;
191877;conf/sigmod/SwamiS94;0.8458404392004013;
671874;conf/vldb/JohnsonA00;0.8723214343190193;
503102;journals/tods/LakshmananSS01;0.8998119384050369;
306144;journals/sigmod/EisenbergM98a;0.9534544199705124;
262771;journals/sigmod/Konig-RiesL97;0.8944026827812195;
253400;conf/sigmod/GeneserethKD97;0.7926316261291504;
945725;journals/sigmod/AilamakiH03;0.9576210826635361;
673134;conf/vldb/HanF95;0.8723214343190193;
673488;conf/vldb/Suciu96a;0.8723214343190193;
202664;journals/sigmod/Hanna95;0.9429152011871338;
872829;conf/sigmod/KimC03;0.8649692237377167;
219746;journals/sigmod/BhargavaAP95;0.8760820031166077;
362101;journals/sigmod/ClementiniF00;0.9502681344747543;
219730;journals/sigmod/NobleS95;0.8861339688301086;
310066;journals/sigmod/RoantreeMH99;0.8835559636354446;
670997;conf/vldb/GinisHKMT97;0.8723214343190193;
253373;conf/sigmod/ChaudhuriD97;0.8243492096662521;
672017;conf/vldb/GantiLR00;0.7915922775864601;
181551;journals/sigmod/Stonebraker94;0.95383320748806;
601865;journals/sigmod/Aberer01a;0.9145655184984207;
604274;journals/sigmod/Aberer01a;0.9437321871519089;
507353;journals/sigmod/Aberer01a;0.9145655184984207;
565129;journals/sigmod/Aberer01a;0.9145655184984207;
637424;journals/sigmod/Aberer01a;0.9145655184984207;
776994;journals/sigmod/Aberer01a;0.9145655184984207;
959078;journals/sigmod/Aberer01a;0.9145655184984207;
245898;journals/sigmod/SantucciT96;0.9443232119083405;
672184;conf/vldb/Gentili01;0.8723214343190193;
335420;conf/sigmod/HellersteinA00;0.8683042079210281;
564723;conf/sigmod/HellersteinA00;0.7248082756996155;
564786;conf/sigmod/RundensteinerWYD02;0.8176353126764297;
601859;journals/sigmod/Hammer00;0.921875461935997;
187442;journals/sigmod/Datta94;0.9526210874319077;
335463;conf/sigmod/AnnamalaiCD00;0.7959151118993759;
671012;conf/vldb/DesslochM97;0.8150297626852989;
232692;journals/tods/GuoSW96;0.8788414150476456;
672347;conf/vldb/ChungCLL01;0.7999530211091042;
187460;journals/sigmod/Chen94;0.9539446085691452;
568520;journals/tods/ChakrabartiKMP02;0.907660111784935;
